"y","id","x"
FALSE,1,0.5
TRUE,1,3.31976404784035
TRUE,1,5.19615242270663
FALSE,1,0.416666666666667
FALSE,1,1.15470053837925
FALSE,1,0.5
FALSE,1,2.91666666666667
FALSE,1,2.5
TRUE,1,2.52590742770461
FALSE,1,1.15470053837925
TRUE,1,5.05181485540923
FALSE,1,1.5
TRUE,1,3.5
TRUE,1,5.05181485540923
TRUE,1,5.5
TRUE,1,2.52590742770461
FALSE,2,0.5
FALSE,2,2.5
TRUE,2,2.52590742770461
TRUE,2,3.31976404784035
FALSE,2,1.5
TRUE,2,5.05181485540923
FALSE,2,1.15470053837925
TRUE,2,5.5
TRUE,2,5.05181485540923
FALSE,3,1.5
TRUE,3,1.15470053837925
TRUE,3,3.31976404784035
FALSE,3,0.5
TRUE,3,5.5
TRUE,3,3.5
TRUE,3,5.05181485540923
TRUE,3,2.52590742770461
FALSE,3,2.5
FALSE,5,2.91666666666667
FALSE,5,2.42487113059643
TRUE,5,3.46410161513775
FALSE,5,0.416666666666667
FALSE,5,1.25
TRUE,5,5.19615242270663
TRUE,5,3.75
TRUE,5,5
FALSE,5,1.3856406460551
FALSE,7,1.25
FALSE,7,2.91666666666667
FALSE,7,1.3856406460551
TRUE,7,5.19615242270663
FALSE,7,0.416666666666667
TRUE,7,3.46410161513775
TRUE,7,2.42487113059643
TRUE,7,5.19615242270663
TRUE,7,3.75
FALSE,8,2.91666666666667
TRUE,8,5.05181485540923
FALSE,8,1.25
FALSE,8,3.31976404784035
TRUE,8,5
TRUE,8,5
TRUE,8,3.75
FALSE,8,2.52590742770461
FALSE,8,0
TRUE,8,5.05181485540923
FALSE,8,0.416666666666667
FALSE,8,1.15470053837925
TRUE,8,5.19615242270663
TRUE,8,5.19615242270663
TRUE,8,3.75
TRUE,10,1.5
FALSE,10,2.5
TRUE,10,3.5
TRUE,10,3.75
FALSE,10,2.91666666666667
FALSE,10,1.25
TRUE,10,5.5
TRUE,10,5
TRUE,10,0.5
TRUE,11,3.75
FALSE,11,1.3856406460551
FALSE,11,0.416666666666667
TRUE,11,3.46410161513775
TRUE,11,2.42487113059643
TRUE,11,5.19615242270663
FALSE,11,1.25
FALSE,11,2.91666666666667
TRUE,11,5.19615242270663
TRUE,12,5.19615242270663
FALSE,12,1.25
FALSE,12,3.31976404784035
TRUE,12,2.42487113059643
FALSE,12,1.3856406460551
TRUE,12,3.75
FALSE,12,0.416666666666667
FALSE,12,3.46410161513775
TRUE,12,2.42487113059643
TRUE,12,5.19615242270663
FALSE,12,0.5
FALSE,12,2.91666666666667
FALSE,13,2.91666666666667
FALSE,13,0
FALSE,13,1.25
TRUE,13,5
TRUE,13,5
TRUE,13,5
FALSE,13,0.416666666666667
FALSE,13,2.5
FALSE,13,1.25
TRUE,13,3.75
TRUE,13,5.19615242270663
TRUE,13,5.19615242270663
TRUE,13,3.75
FALSE,13,1.3856406460551
FALSE,13,0.416666666666667
TRUE,13,0.5
TRUE,13,2.52590742770461
FALSE,13,2.5
TRUE,13,3.46410161513775
TRUE,14,5
TRUE,14,5.05181485540923
FALSE,14,1.15470053837925
FALSE,14,1.25
FALSE,14,2.91666666666667
TRUE,14,3.31976404784035
FALSE,14,0.416666666666667
TRUE,14,3.75
FALSE,14,5.05181485540923
TRUE,15,2.5
FALSE,15,1.25
TRUE,15,2.91666666666667
TRUE,15,3.31976404784035
TRUE,15,3.31976404784035
TRUE,15,2.91666666666667
FALSE,15,0.5
TRUE,15,2.5
FALSE,15,1.15470053837925
TRUE,16,2.91666666666667
FALSE,16,1.15470053837925
TRUE,16,1.25
FALSE,16,0.5
TRUE,16,2.5
TRUE,16,2.91666666666667
TRUE,16,3.31976404784035
TRUE,16,2.5
TRUE,16,5
FALSE,17,1.5
FALSE,17,2.5
FALSE,17,1.25
TRUE,17,3.5
TRUE,17,5.5
TRUE,17,3.75
FALSE,17,0.5
TRUE,17,5
TRUE,17,2.91666666666667
TRUE,18,1.15470053837925
FALSE,18,1.3856406460551
TRUE,18,2.52590742770461
TRUE,18,5.05181485540923
FALSE,18,0
TRUE,18,5.19615242270663
TRUE,18,2.42487113059643
TRUE,18,3.31976404784035
TRUE,18,3.46410161513775
TRUE,19,2.42487113059643
FALSE,19,3.46410161513775
TRUE,19,1.15470053837925
FALSE,19,1.3856406460551
FALSE,19,0
TRUE,19,5.19615242270663
TRUE,19,5.05181485540923
TRUE,19,2.52590742770461
FALSE,19,3.31976404784035
TRUE,21,2.91666666666667
TRUE,21,2.5
FALSE,21,1.25
TRUE,21,2.91666666666667
TRUE,21,3.31976404784035
TRUE,21,3.31976404784035
TRUE,21,5
FALSE,21,1.15470053837925
FALSE,21,0.5
FALSE,22,1.25
TRUE,22,2.5
FALSE,22,0.5
TRUE,22,2.5
FALSE,22,1.15470053837925
TRUE,22,2.91666666666667
TRUE,22,3.31976404784035
TRUE,22,3.31976404784035
TRUE,22,2.91666666666667
FALSE,23,0.5
TRUE,23,2.91666666666667
FALSE,23,1.25
FALSE,23,1.3856406460551
TRUE,23,3.31976404784035
TRUE,23,2.5
FALSE,23,1.15470053837925
TRUE,23,2.5
TRUE,23,3.31976404784035
TRUE,23,2.91666666666667
FALSE,24,2.91666666666667
TRUE,24,5.19615242270663
FALSE,24,1.3856406460551
TRUE,24,5
TRUE,24,2.42487113059643
FALSE,24,1.25
FALSE,24,0.416666666666667
TRUE,24,3.46410161513775
TRUE,24,3.75
FALSE,25,0.416666666666667
TRUE,25,3.31976404784035
TRUE,25,2.52590742770461
TRUE,25,5
TRUE,25,3.75
FALSE,25,2.91666666666667
TRUE,25,1.15470053837925
FALSE,25,1.25
FALSE,25,0.346410161513776
TRUE,25,5.05181485540923
FALSE,26,1.15470053837925
FALSE,26,1.25
TRUE,26,5
FALSE,26,2.52590742770461
FALSE,26,2.91666666666667
TRUE,26,3.75
FALSE,26,3.31976404784035
TRUE,26,5
FALSE,26,0
TRUE,27,5.19615242270663
FALSE,27,1.5
FALSE,27,0.416666666666667
TRUE,27,2.91666666666667
FALSE,27,2.42487113059643
TRUE,27,3.75
TRUE,27,3.75
FALSE,27,1.25
FALSE,27,1.15470053837925
FALSE,27,1.3856406460551
FALSE,27,1.25
FALSE,27,0.5
FALSE,27,1.25
TRUE,27,5.19615242270663
TRUE,27,3.31976404784035
TRUE,27,2.5
TRUE,27,2.5
FALSE,27,2.91666666666667
TRUE,27,3.46410161513775
TRUE,27,5
TRUE,27,2.91666666666667
TRUE,27,3.31976404784035
FALSE,27,1.25
TRUE,27,3.31976404784035
TRUE,28,3.31976404784035
FALSE,28,0
FALSE,28,1.15470053837925
TRUE,28,3.5
TRUE,28,5.05181485540923
TRUE,28,5.5
FALSE,28,1.5
TRUE,28,5.5
FALSE,28,2.52590742770461
TRUE,28,3.5
TRUE,29,5.05181485540923
TRUE,29,2.52590742770461
TRUE,29,3.75
FALSE,29,2.91666666666667
FALSE,29,0
FALSE,29,1.15470053837925
TRUE,29,3.31976404784035
TRUE,29,5
FALSE,29,1.25
FALSE,30,1.3856406460551
TRUE,30,2.42487113059643
TRUE,30,5.19615242270663
TRUE,30,3.46410161513775
TRUE,30,5.19615242270663
FALSE,30,1.25
FALSE,30,2.91666666666667
TRUE,30,5
FALSE,30,0.416666666666667
FALSE,31,0.5
TRUE,31,5
TRUE,31,3.5
FALSE,31,2.91666666666667
FALSE,31,2.5
FALSE,31,1.5
FALSE,31,1.25
TRUE,31,5
TRUE,31,3.75
FALSE,32,3.46410161513775
TRUE,32,5.19615242270663
TRUE,32,2.5
TRUE,32,3.5
FALSE,32,5
FALSE,32,0.5
TRUE,32,2.42487113059643
FALSE,32,1.5
FALSE,32,1.3856406460551
TRUE,32,5.19615242270663
FALSE,33,3.31976404784035
FALSE,33,0.346410161513776
FALSE,33,2.5
TRUE,33,2.52590742770461
TRUE,33,5.5
FALSE,33,0
FALSE,33,1.15470053837925
TRUE,33,5.5
TRUE,33,3.5
FALSE,33,1.5
FALSE,34,2.91666666666667
TRUE,34,5
FALSE,34,1.25
TRUE,34,5.19615242270663
TRUE,34,5.19615242270663
FALSE,34,1.3856406460551
TRUE,34,3.46410161513775
FALSE,34,2.42487113059643
FALSE,34,0.416666666666667
TRUE,34,3.75
FALSE,35,0
TRUE,35,3.46410161513775
TRUE,35,2.52590742770461
FALSE,35,1.3856406460551
TRUE,35,5.19615242270663
FALSE,35,3.31976404784035
TRUE,35,2.52590742770461
TRUE,35,5.05181485540923
TRUE,35,5.19615242270663
FALSE,35,1.15470053837925
FALSE,36,1.5
TRUE,36,0.5
FALSE,36,1.25
FALSE,36,2.91666666666667
FALSE,36,2.5
TRUE,36,3.5
TRUE,36,5.5
TRUE,36,5
TRUE,36,3.75
FALSE,36,1.15470053837925
TRUE,36,2.5
FALSE,36,0.346410161513776
TRUE,36,2.5
TRUE,36,2.91666666666667
TRUE,36,2.91666666666667
FALSE,36,0.5
TRUE,36,3.31976404784035
TRUE,36,1.25
TRUE,36,5
TRUE,36,3.31976404784035
TRUE,38,2.52590742770461
FALSE,38,1.15470053837925
FALSE,38,2.5
TRUE,38,5.05181485540923
TRUE,38,5.5
TRUE,38,3.5
TRUE,38,0.5
TRUE,38,3.31976404784035
TRUE,38,1.5
FALSE,39,0.5
FALSE,39,1.5
FALSE,39,1.25
TRUE,39,5
FALSE,39,2.5
TRUE,39,3.75
TRUE,39,5.5
FALSE,39,2.91666666666667
TRUE,39,5
FALSE,40,1.25
TRUE,40,2.91666666666667
TRUE,40,2.5
TRUE,40,3.31976404784035
TRUE,40,2.91666666666667
TRUE,40,1.25
TRUE,40,5
FALSE,40,0.5
TRUE,40,2.5
FALSE,40,1.15470053837925
TRUE,40,2.91666666666667
TRUE,40,3.31976404784035
FALSE,40,1.15470053837925
TRUE,40,2.5
FALSE,40,0.5
TRUE,40,2.91666666666667
TRUE,40,5
TRUE,41,3.75
FALSE,41,0.416666666666667
FALSE,41,2.91666666666667
TRUE,41,2.42487113059643
TRUE,41,5
FALSE,41,1.3856406460551
TRUE,41,5.19615242270663
TRUE,41,5.19615242270663
FALSE,41,1.25
FALSE,43,0.5
FALSE,43,1.15470053837925
TRUE,43,3.31976404784035
TRUE,43,2.5
TRUE,43,1.25
TRUE,43,2.5
TRUE,43,3.31976404784035
TRUE,43,2.91666666666667
TRUE,43,2.91666666666667
FALSE,44,0.416666666666667
TRUE,44,5
FALSE,44,2.91666666666667
TRUE,44,2.42487113059643
TRUE,44,3.46410161513775
TRUE,44,5.19615242270663
FALSE,44,1.3856406460551
FALSE,44,1.25
TRUE,44,5.19615242270663
TRUE,44,3.75
FALSE,45,2.91666666666667
FALSE,45,0.416666666666667
TRUE,45,5
FALSE,45,1.25
TRUE,46,5.19615242270663
FALSE,46,2.42487113059643
FALSE,46,0.416666666666667
FALSE,46,2.91666666666667
TRUE,46,3.46410161513775
FALSE,46,1.25
TRUE,46,5.19615242270663
TRUE,46,3.75
FALSE,46,1.3856406460551
FALSE,47,2.91666666666667
FALSE,47,1.25
FALSE,47,0.416666666666667
FALSE,47,5
TRUE,47,3.75
TRUE,47,2.52590742770461
FALSE,47,1.15470053837925
FALSE,47,1.25
TRUE,47,5.05181485540923
FALSE,47,3.31976404784035
FALSE,48,1.25
TRUE,48,3.75
FALSE,48,0
FALSE,48,3.31976404784035
TRUE,48,5
FALSE,48,2.91666666666667
TRUE,48,5.05181485540923
TRUE,48,2.52590742770461
TRUE,48,1.15470053837925
FALSE,49,0.5
FALSE,49,1.15470053837925
FALSE,49,2.5
TRUE,49,5.05181485540923
FALSE,49,1.5
TRUE,49,3.31976404784035
TRUE,49,2.52590742770461
TRUE,49,3.5
TRUE,49,5.5
TRUE,50,2.42487113059643
FALSE,50,2.5
TRUE,50,5.5
FALSE,50,5.19615242270663
FALSE,50,1.5
FALSE,50,5.19615242270663
TRUE,50,3.46410161513775
TRUE,50,0.5
FALSE,50,1.3856406460551
TRUE,51,2.5
TRUE,51,5.5
FALSE,51,3.31976404784035
TRUE,51,1.15470053837925
TRUE,51,3.5
TRUE,51,0.5
FALSE,51,2.52590742770461
FALSE,51,1.5
TRUE,51,5.05181485540923
TRUE,52,2.42487113059643
FALSE,52,5.19615242270663
FALSE,52,5.19615242270663
FALSE,52,3.46410161513775
FALSE,52,0.416666666666667
FALSE,52,1.25
FALSE,52,2.91666666666667
FALSE,52,1.3856406460551
TRUE,52,5
FALSE,53,0.5
FALSE,53,1.25
TRUE,53,2.91666666666667
TRUE,53,3.31976404784035
TRUE,53,2.91666666666667
TRUE,53,2.5
FALSE,53,1.15470053837925
TRUE,53,2.91666666666667
TRUE,53,3.31976404784035
FALSE,53,2.5
FALSE,54,2.52590742770461
TRUE,54,1.15470053837925
TRUE,54,5.05181485540923
TRUE,54,3.75
FALSE,54,2.91666666666667
FALSE,54,0.416666666666667
TRUE,54,5
FALSE,54,1.25
FALSE,54,3.31976404784035
TRUE,54,3.31976404784035
FALSE,54,1.15470053837925
TRUE,54,5
TRUE,54,2.91666666666667
TRUE,54,3.31976404784035
TRUE,54,2.5
FALSE,54,1.25
TRUE,54,2.91666666666667
TRUE,54,2.5
FALSE,54,0.5
TRUE,55,5.5
FALSE,55,2.5
TRUE,55,2.52590742770461
TRUE,55,3.5
TRUE,55,1.5
TRUE,55,1.15470053837925
TRUE,55,5.05181485540923
FALSE,55,0
FALSE,55,3.31976404784035
TRUE,57,2.5
FALSE,57,1.25
FALSE,57,1.5
TRUE,57,5
TRUE,57,5.19615242270663
TRUE,57,2.91666666666667
TRUE,57,5
TRUE,57,3.5
TRUE,57,5.5
FALSE,57,0.5
FALSE,58,3.46410161513775
FALSE,58,1.25
TRUE,58,5
FALSE,58,0.416666666666667
TRUE,58,2.42487113059643
TRUE,58,5.19615242270663
FALSE,58,2.91666666666667
FALSE,58,5.05181485540923
TRUE,58,3.75
FALSE,58,1.3856406460551
FALSE,59,1.5
FALSE,59,3.31976404784035
FALSE,59,1.15470053837925
TRUE,59,2.52590742770461
TRUE,59,5.5
FALSE,59,2.5
FALSE,59,0
FALSE,59,5.05181485540923
FALSE,59,3.5
TRUE,60,3.5
FALSE,60,1.25
FALSE,60,2.5
TRUE,60,5
FALSE,60,2.91666666666667
TRUE,60,5.5
TRUE,60,3.75
TRUE,60,1.5
FALSE,60,0.5
FALSE,61,1.5
FALSE,61,2.5
FALSE,61,0.5
TRUE,61,5
FALSE,61,2.91666666666667
TRUE,61,3.75
FALSE,61,1.25
TRUE,61,3.5
TRUE,61,5
FALSE,62,2.91666666666667
TRUE,62,3.75
TRUE,62,5.05181485540923
TRUE,62,1.15470053837925
TRUE,62,3.75
TRUE,62,3.31976404784035
FALSE,62,0
TRUE,62,5
TRUE,62,5
TRUE,62,2.52590742770461
FALSE,62,1.25
TRUE,63,2.91666666666667
TRUE,63,2.5
TRUE,63,3.31976404784035
TRUE,63,5
FALSE,63,0.5
FALSE,63,1.25
TRUE,63,2.5
TRUE,63,2.91666666666667
FALSE,63,1.15470053837925
FALSE,64,0.5
TRUE,64,5.19615242270663
TRUE,64,3.5
FALSE,64,0.416666666666667
FALSE,64,2.42487113059643
FALSE,64,1.5
TRUE,64,5.19615242270663
TRUE,64,5.5
TRUE,64,3.5
TRUE,64,2.5
FALSE,64,1.3856406460551
TRUE,65,2.91666666666667
FALSE,65,1.15470053837925
FALSE,65,0.5
TRUE,65,2.5
TRUE,65,2.5
TRUE,65,2.91666666666667
FALSE,65,1.25
TRUE,65,5
TRUE,65,3.31976404784035
FALSE,66,3.46410161513775
FALSE,66,1.3856406460551
FALSE,66,2.42487113059643
FALSE,67,0.346410161513776
TRUE,67,5.19615242270663
TRUE,67,1.3856406460551
FALSE,67,3.31976404784035
TRUE,67,1.15470053837925
FALSE,67,2.91666666666667
TRUE,67,3.46410161513775
TRUE,67,5.05181485540923
TRUE,67,2.52590742770461
TRUE,67,2.42487113059643
FALSE,68,2.5
TRUE,68,5.19615242270663
TRUE,68,2.42487113059643
TRUE,68,5.19615242270663
TRUE,68,1.15470053837925
FALSE,68,1.5
FALSE,68,1.3856406460551
TRUE,68,3.5
FALSE,68,0.5
TRUE,68,5.5
FALSE,69,2.91666666666667
FALSE,69,3.46410161513775
TRUE,69,3.75
TRUE,69,5.19615242270663
FALSE,69,1.25
FALSE,69,0.416666666666667
FALSE,69,1.3856406460551
FALSE,69,5.19615242270663
TRUE,69,5
FALSE,70,0.5
TRUE,70,5.19615242270663
FALSE,70,3.5
FALSE,70,2.5
FALSE,70,5.19615242270663
FALSE,70,1.5
FALSE,70,1.3856406460551
TRUE,70,5.5
TRUE,70,2.42487113059643
FALSE,71,2.5
FALSE,71,1.25
TRUE,71,3.75
FALSE,71,0.5
TRUE,71,3.5
FALSE,71,2.91666666666667
FALSE,71,1.5
TRUE,71,5
TRUE,71,5
TRUE,71,5.5
FALSE,72,0.346410161513776
TRUE,72,3.31976404784035
FALSE,72,1.15470053837925
FALSE,72,0.5
TRUE,72,2.91666666666667
TRUE,72,2.5
TRUE,72,5
TRUE,72,2.5
FALSE,72,1.25
TRUE,72,2.91666666666667
FALSE,74,2.91666666666667
FALSE,74,0
FALSE,74,1.25
TRUE,74,5
TRUE,74,5.05181485540923
FALSE,74,5
FALSE,74,3.46410161513775
TRUE,74,1.15470053837925
FALSE,74,2.52590742770461
FALSE,74,3.31976404784035
TRUE,76,5.19615242270663
FALSE,76,1.25
TRUE,76,3.75
FALSE,76,1.3856406460551
FALSE,76,2.91666666666667
FALSE,76,5.19615242270663
TRUE,76,3.46410161513775
FALSE,76,2.42487113059643
FALSE,76,0.416666666666667
FALSE,78,1.3856406460551
TRUE,78,3.31976404784035
FALSE,78,1.15470053837925
TRUE,78,2.42487113059643
TRUE,78,3.46410161513775
TRUE,78,5.19615242270663
TRUE,78,2.52590742770461
FALSE,78,0.346410161513776
TRUE,78,5.05181485540923
FALSE,79,0
FALSE,79,1.15470053837925
TRUE,79,2.5
TRUE,79,3.5
TRUE,79,5.05181485540923
FALSE,79,3.31976404784035
TRUE,79,5.5
FALSE,79,1.5
FALSE,79,2.52590742770461
TRUE,80,3.75
FALSE,80,1.25
TRUE,80,3.75
FALSE,80,1.25
FALSE,80,3.46410161513775
FALSE,80,2.5
FALSE,80,1.15470053837925
FALSE,80,0.416666666666667
FALSE,80,0.346410161513776
TRUE,80,2.42487113059643
TRUE,80,5.19615242270663
TRUE,80,2.42487113059643
TRUE,80,5.19615242270663
FALSE,80,2.91666666666667
FALSE,80,1.3856406460551
TRUE,80,2.52590742770461
TRUE,80,5
FALSE,80,0
FALSE,80,1.3856406460551
FALSE,81,2.91666666666667
FALSE,81,3.31976404784035
FALSE,81,1.15470053837925
TRUE,81,5
FALSE,81,2.52590742770461
TRUE,81,3.75
TRUE,81,5.05181485540923
FALSE,81,0.416666666666667
FALSE,81,1.25
FALSE,82,1.25
FALSE,82,0.416666666666667
FALSE,82,3.31976404784035
FALSE,82,1.15470053837925
TRUE,82,5
TRUE,82,5.05181485540923
TRUE,82,5.05181485540923
TRUE,82,3.75
TRUE,82,2.52590742770461
FALSE,82,2.91666666666667
FALSE,83,1.15470053837925
TRUE,83,3.46410161513775
FALSE,83,3.31976404784035
FALSE,83,1.3856406460551
TRUE,83,3.75
TRUE,83,5.05181485540923
FALSE,83,0.346410161513776
TRUE,83,5.05181485540923
FALSE,83,2.52590742770461
TRUE,83,2.42487113059643
TRUE,84,1.5
TRUE,84,5.5
FALSE,84,0.5
TRUE,84,1.15470053837925
FALSE,84,2.5
TRUE,84,3.31976404784035
TRUE,84,3.5
TRUE,84,5.05181485540923
FALSE,84,2.52590742770461
FALSE,85,1.25
TRUE,85,3.75
TRUE,85,3.5
TRUE,85,5
FALSE,85,2.5
TRUE,85,5
TRUE,85,5.5
FALSE,85,2.91666666666667
FALSE,85,1.5
FALSE,85,0.5
TRUE,86,1.5
TRUE,86,5
FALSE,86,2.5
TRUE,86,2.91666666666667
TRUE,86,5.5
FALSE,86,2.52590742770461
FALSE,86,1.25
TRUE,86,5
TRUE,86,3.75
TRUE,86,0.5
TRUE,87,1.5
TRUE,87,5.19615242270663
FALSE,87,1.3856406460551
TRUE,87,2.42487113059643
TRUE,87,5.19615242270663
TRUE,87,3.5
TRUE,87,5.5
FALSE,87,2.5
FALSE,87,0.5
TRUE,88,3.75
TRUE,88,5
FALSE,88,1.3856406460551
FALSE,88,0.416666666666667
FALSE,88,2.91666666666667
TRUE,88,2.42487113059643
TRUE,88,5.19615242270663
TRUE,88,5.19615242270663
FALSE,88,1.25
FALSE,89,2.91666666666667
FALSE,89,1.25
TRUE,89,3.75
FALSE,89,1.5
FALSE,89,2.5
FALSE,89,0.5
TRUE,89,5
TRUE,89,5
TRUE,89,3.5
FALSE,90,1.15470053837925
TRUE,90,2.5
TRUE,90,2.91666666666667
TRUE,90,2.5
TRUE,90,2.91666666666667
FALSE,90,0.5
TRUE,90,3.31976404784035
FALSE,90,1.25
TRUE,90,3.31976404784035
TRUE,91,5.5
TRUE,91,2.52590742770461
TRUE,91,3.5
TRUE,91,2.42487113059643
TRUE,91,2.5
TRUE,91,5.19615242270663
TRUE,91,0.5
FALSE,91,1.3856406460551
TRUE,91,5.19615242270663
FALSE,91,1.5
TRUE,92,2.5
TRUE,92,2.91666666666667
TRUE,92,3.31976404784035
TRUE,92,5
FALSE,92,0.5
FALSE,92,1.25
FALSE,92,1.15470053837925
TRUE,92,2.91666666666667
TRUE,92,2.5
FALSE,93,0.416666666666667
FALSE,93,5.19615242270663
FALSE,93,2.91666666666667
FALSE,93,3.46410161513775
TRUE,93,5
FALSE,93,1.25
TRUE,94,5.19615242270663
FALSE,94,1.25
FALSE,94,1.3856406460551
TRUE,94,2.42487113059643
FALSE,94,2.91666666666667
TRUE,94,5.19615242270663
FALSE,94,3.46410161513775
TRUE,94,3.75
FALSE,94,0.416666666666667
FALSE,95,1.25
TRUE,95,3.75
FALSE,95,3.5
TRUE,95,5
TRUE,95,5.05181485540923
FALSE,95,0
TRUE,95,5.5
FALSE,95,2.5
FALSE,95,1.25
FALSE,95,0.5
TRUE,95,5
FALSE,95,2.91666666666667
TRUE,95,1.5
TRUE,95,3.75
FALSE,96,1.5
TRUE,96,5.05181485540923
TRUE,96,5.05181485540923
TRUE,96,3.31976404784035
FALSE,96,1.15470053837925
FALSE,96,2.5
TRUE,96,3.5
FALSE,96,0.5
TRUE,96,2.52590742770461
TRUE,97,2.52590742770461
TRUE,97,1.15470053837925
TRUE,97,3.31976404784035
TRUE,97,2.91666666666667
TRUE,97,5.05181485540923
TRUE,97,3.75
TRUE,97,1.25
FALSE,97,0.416666666666667
TRUE,97,5.05181485540923
FALSE,98,0.5
TRUE,98,5.19615242270663
TRUE,98,2.42487113059643
FALSE,98,3.46410161513775
FALSE,98,1.5
TRUE,98,5.19615242270663
FALSE,98,5.5
FALSE,98,1.3856406460551
FALSE,98,2.5
FALSE,99,1.15470053837925
TRUE,99,5.5
FALSE,99,2.91666666666667
TRUE,99,5.05181485540923
TRUE,99,2.52590742770461
TRUE,99,5
TRUE,99,3.75
FALSE,99,0
TRUE,99,3.31976404784035
FALSE,99,1.25
FALSE,100,2.5
FALSE,100,1.25
FALSE,100,0.346410161513776
FALSE,100,1.5
FALSE,100,0.5
TRUE,100,5.19615242270663
TRUE,100,3.5
TRUE,100,5.5
FALSE,100,1.5
TRUE,100,3.46410161513775
TRUE,100,5.19615242270663
FALSE,100,1.3856406460551
FALSE,101,1.25
TRUE,101,3.75
TRUE,101,5
TRUE,101,2.52590742770461
FALSE,101,2.91666666666667
TRUE,101,5.05181485540923
FALSE,101,0.416666666666667
FALSE,101,3.31976404784035
FALSE,101,1.15470053837925
TRUE,102,3.75
FALSE,102,2.91666666666667
FALSE,102,1.25
FALSE,102,0.416666666666667
FALSE,103,2.91666666666667
FALSE,103,0.416666666666667
TRUE,103,5.19615242270663
TRUE,103,2.42487113059643
TRUE,103,5.19615242270663
FALSE,103,3.5
FALSE,103,1.25
FALSE,103,1.3856406460551
TRUE,103,5.5
TRUE,103,3.46410161513775
TRUE,103,5
TRUE,104,2.42487113059643
TRUE,104,1.5
FALSE,104,0.5
TRUE,104,5.19615242270663
FALSE,104,1.3856406460551
FALSE,104,3.5
TRUE,104,5.19615242270663
TRUE,104,2.5
TRUE,104,3.46410161513775
TRUE,105,3.5
FALSE,105,1.3856406460551
FALSE,105,3.46410161513775
TRUE,105,2.5
TRUE,105,5.19615242270663
TRUE,105,5.19615242270663
TRUE,105,2.42487113059643
FALSE,105,1.5
FALSE,105,0.5
FALSE,106,1.15470053837925
TRUE,106,2.91666666666667
TRUE,106,5
TRUE,106,2.5
TRUE,106,2.91666666666667
FALSE,106,1.25
TRUE,106,3.31976404784035
TRUE,106,2.5
FALSE,106,0.5
TRUE,106,3.46410161513775
TRUE,106,5.19615242270663
TRUE,106,5.19615242270663
TRUE,106,3.75
FALSE,106,1.25
FALSE,106,0.416666666666667
FALSE,106,1.3856406460551
FALSE,106,2.91666666666667
TRUE,106,2.42487113059643
TRUE,106,5
FALSE,107,3.46410161513775
FALSE,107,5.19615242270663
FALSE,107,1.3856406460551
FALSE,107,2.42487113059643
FALSE,107,2.5
FALSE,107,0.5
TRUE,107,5.19615242270663
FALSE,107,1.5
TRUE,107,3.5
TRUE,108,3.31976404784035
TRUE,108,3.75
TRUE,108,1.15470053837925
TRUE,108,5.05181485540923
TRUE,108,2.52590742770461
FALSE,108,1.25
FALSE,108,0.416666666666667
FALSE,108,2.91666666666667
TRUE,108,5
FALSE,109,1.5
TRUE,109,0.5
TRUE,109,3.31976404784035
TRUE,109,2.52590742770461
TRUE,109,5.05181485540923
TRUE,109,5.5
FALSE,109,2.5
FALSE,109,1.15470053837925
TRUE,109,3.5
FALSE,110,1.3856406460551
TRUE,110,3.5
TRUE,110,5.5
FALSE,110,0.5
FALSE,110,1.5
TRUE,110,5.19615242270663
FALSE,110,3.46410161513775
FALSE,110,1.25
FALSE,110,2.5
FALSE,110,2.42487113059643
FALSE,111,2.5
FALSE,111,1.5
FALSE,111,0.5
FALSE,111,5.19615242270663
TRUE,111,5.19615242270663
FALSE,111,1.3856406460551
TRUE,111,5.5
FALSE,111,3.46410161513775
TRUE,111,2.42487113059643
FALSE,115,1.25
TRUE,115,5.19615242270663
TRUE,115,5
TRUE,115,3.46410161513775
TRUE,115,2.42487113059643
TRUE,115,1.3856406460551
FALSE,115,2.91666666666667
TRUE,115,3.75
FALSE,115,0.416666666666667
TRUE,116,5.05181485540923
TRUE,116,1.15470053837925
FALSE,116,2.52590742770461
FALSE,116,3.31976404784035
FALSE,116,0
TRUE,116,5
FALSE,116,1.25
TRUE,116,2.91666666666667
TRUE,116,3.75
TRUE,117,3.75
FALSE,117,2.91666666666667
FALSE,117,1.5
TRUE,117,2.5
TRUE,117,5
FALSE,117,1.25
TRUE,117,3.5
TRUE,117,5.5
TRUE,117,0.5
FALSE,118,0.346410161513776
FALSE,118,1.3856406460551
TRUE,118,5.19615242270663
FALSE,118,1.15470053837925
TRUE,118,5.05181485540923
TRUE,118,5.05181485540923
TRUE,118,3.31976404784035
TRUE,118,2.42487113059643
TRUE,118,2.52590742770461
FALSE,119,2.91666666666667
FALSE,119,0.5
TRUE,119,2.5
FALSE,119,2.5
TRUE,119,3.5
TRUE,119,3.75
TRUE,119,5.5
FALSE,119,1.5
FALSE,119,1.25
FALSE,119,1.15470053837925
TRUE,119,5
TRUE,120,5.19615242270663
FALSE,120,1.3856406460551
FALSE,120,2.5
FALSE,120,1.5
TRUE,120,5.19615242270663
TRUE,120,3.5
TRUE,120,0.5
TRUE,120,2.42487113059643
TRUE,120,5.5
TRUE,121,1.15470053837925
FALSE,121,3.31976404784035
FALSE,121,1.5
FALSE,121,0
TRUE,121,3.5
TRUE,121,5.05181485540923
TRUE,121,2.5
TRUE,121,2.52590742770461
TRUE,121,5.5
FALSE,122,3.31976404784035
FALSE,122,1.25
TRUE,122,5
FALSE,122,0
FALSE,122,2.91666666666667
FALSE,122,1.15470053837925
TRUE,122,5
TRUE,122,5.05181485540923
TRUE,122,2.52590742770461
FALSE,123,1.5
TRUE,123,2.5
TRUE,123,3.5
TRUE,123,1.15470053837925
TRUE,123,5.05181485540923
TRUE,123,2.52590742770461
TRUE,123,1.15470053837925
FALSE,123,2.5
TRUE,123,0.5
TRUE,123,3.31976404784035
TRUE,124,3.75
FALSE,124,1.25
TRUE,124,5.05181485540923
FALSE,124,3.31976404784035
FALSE,124,2.91666666666667
TRUE,124,5.05181485540923
TRUE,124,5
FALSE,124,1.15470053837925
FALSE,124,0.416666666666667
TRUE,125,2.42487113059643
FALSE,125,1.3856406460551
FALSE,125,1.25
TRUE,125,3.46410161513775
FALSE,125,2.91666666666667
TRUE,125,5.19615242270663
TRUE,125,5.19615242270663
TRUE,125,3.75
FALSE,125,0.416666666666667
TRUE,126,2.52590742770461
TRUE,126,3.31976404784035
TRUE,126,3.5
FALSE,126,0.5
TRUE,126,5.05181485540923
FALSE,126,1.5
TRUE,126,5.05181485540923
FALSE,126,2.5
FALSE,126,1.15470053837925
FALSE,126,1.5
FALSE,127,1.25
TRUE,127,3.46410161513775
TRUE,127,2.42487113059643
FALSE,127,0.416666666666667
FALSE,127,1.3856406460551
TRUE,127,5.19615242270663
TRUE,127,3.75
FALSE,127,2.91666666666667
TRUE,127,5.19615242270663
TRUE,128,3.46410161513775
TRUE,128,5.5
FALSE,128,0.5
TRUE,128,5.19615242270663
FALSE,128,1.3856406460551
TRUE,128,3.5
FALSE,128,2.5
FALSE,128,1.5
TRUE,128,5
TRUE,128,5.19615242270663
FALSE,129,2.5
FALSE,129,2.91666666666667
TRUE,129,5
FALSE,129,1.5
TRUE,129,3.75
TRUE,129,5
FALSE,129,0.5
FALSE,129,1.25
TRUE,129,3.5
FALSE,129,1.3856406460551
TRUE,129,5.5
FALSE,130,1.25
TRUE,130,3.31976404784035
TRUE,130,3.75
FALSE,130,2.91666666666667
FALSE,130,1.25
FALSE,130,0
FALSE,130,1.15470053837925
TRUE,130,0.5
TRUE,130,5
TRUE,130,2.5
TRUE,130,5
FALSE,130,2.91666666666667
TRUE,130,5
TRUE,130,5.05181485540923
TRUE,130,3.5
TRUE,130,3.75
TRUE,130,5.5
TRUE,130,3.5
TRUE,130,1.5
TRUE,130,5
TRUE,130,2.52590742770461
FALSE,131,1.15470053837925
TRUE,131,2.42487113059643
TRUE,131,5.19615242270663
FALSE,131,3.31976404784035
FALSE,131,0.346410161513776
TRUE,131,5.05181485540923
TRUE,131,2.52590742770461
FALSE,131,3.46410161513775
FALSE,131,1.3856406460551
FALSE,132,2.91666666666667
TRUE,132,5.19615242270663
TRUE,132,5.19615242270663
FALSE,132,0.416666666666667
TRUE,132,2.42487113059643
TRUE,132,3.75
FALSE,132,1.3856406460551
TRUE,132,3.46410161513775
FALSE,132,1.25
TRUE,133,2.91666666666667
FALSE,133,0.5
FALSE,133,1.15470053837925
FALSE,133,1.25
TRUE,133,2.52590742770461
TRUE,133,2.91666666666667
TRUE,133,2.5
TRUE,133,3.31976404784035
TRUE,133,5
TRUE,133,2.5
TRUE,134,3.31976404784035
TRUE,134,5
FALSE,134,3.75
FALSE,134,2.91666666666667
TRUE,134,5.05181485540923
FALSE,134,1.15470053837925
FALSE,134,0.416666666666667
FALSE,134,2.52590742770461
FALSE,134,1.25
FALSE,137,2.91666666666667
FALSE,137,0.416666666666667
TRUE,137,5.05181485540923
TRUE,137,3.75
TRUE,137,5
FALSE,137,1.15470053837925
FALSE,137,1.25
TRUE,137,2.52590742770461
FALSE,137,3.31976404784035
FALSE,138,2.5
FALSE,138,2.91666666666667
TRUE,138,0.5
FALSE,138,1.25
TRUE,138,5
TRUE,138,1.5
TRUE,138,3.75
TRUE,138,3.5
TRUE,138,5
TRUE,139,2.52590742770461
TRUE,139,3.5
FALSE,139,0.5
TRUE,139,5.05181485540923
FALSE,139,2.5
TRUE,139,5.5
FALSE,139,1.15470053837925
TRUE,139,3.31976404784035
FALSE,139,1.5
FALSE,140,2.42487113059643
TRUE,140,5
FALSE,140,0.416666666666667
TRUE,140,5.19615242270663
TRUE,140,5.19615242270663
FALSE,140,2.91666666666667
FALSE,140,1.25
FALSE,140,1.3856406460551
FALSE,140,3.46410161513775
TRUE,141,5.19615242270663
TRUE,141,3.46410161513775
FALSE,141,1.5
TRUE,141,0.5
FALSE,141,2.42487113059643
TRUE,141,2.5
TRUE,141,5.19615242270663
FALSE,141,1.3856406460551
TRUE,141,3.5
TRUE,142,3.46410161513775
FALSE,142,1.5
FALSE,142,1.3856406460551
TRUE,142,3.5
TRUE,142,5.19615242270663
FALSE,142,2.5
TRUE,142,5.19615242270663
FALSE,142,0.5
TRUE,142,2.42487113059643
FALSE,143,0
TRUE,143,5.05181485540923
FALSE,143,2.5
FALSE,143,3.31976404784035
FALSE,143,1.15470053837925
FALSE,143,1.5
TRUE,143,2.52590742770461
TRUE,143,3.5
TRUE,143,5.5
FALSE,145,1.3856406460551
FALSE,145,1.15470053837925
TRUE,145,3.31976404784035
TRUE,145,2.52590742770461
FALSE,145,0
TRUE,145,5.19615242270663
TRUE,145,5.05181485540923
TRUE,145,2.42487113059643
TRUE,145,5.19615242270663
FALSE,146,0.346410161513776
FALSE,146,0.5
TRUE,146,5
TRUE,146,5.05181485540923
FALSE,146,1.5
FALSE,146,1.25
TRUE,146,5.5
FALSE,146,1.25
TRUE,146,5
TRUE,146,5
FALSE,146,0.416666666666667
FALSE,146,2.91666666666667
FALSE,146,0
TRUE,146,3.5
FALSE,146,1.25
FALSE,146,2.52590742770461
TRUE,146,3.46410161513775
TRUE,146,3.75
FALSE,146,2.5
TRUE,146,3.5
FALSE,147,3.46410161513775
TRUE,147,2.42487113059643
TRUE,147,3.5
FALSE,147,1.3856406460551
FALSE,147,5.19615242270663
FALSE,147,2.5
TRUE,147,0.5
TRUE,147,1.5
TRUE,147,5.19615242270663
FALSE,147,1.15470053837925
TRUE,147,5
TRUE,147,3.31976404784035
TRUE,147,2.91666666666667
FALSE,147,0.5
FALSE,147,1.25
FALSE,147,2.91666666666667
TRUE,147,2.5
TRUE,147,2.5
FALSE,147,0
TRUE,147,3.31976404784035
TRUE,147,2.91666666666667
FALSE,148,0
FALSE,148,2.5
TRUE,148,5.5
TRUE,148,1.15470053837925
TRUE,148,5.05181485540923
FALSE,148,3.31976404784035
TRUE,148,2.52590742770461
FALSE,148,1.5
TRUE,148,5.5
TRUE,149,3.5
FALSE,149,5.19615242270663
TRUE,149,1.5
FALSE,149,1.3856406460551
TRUE,149,3.46410161513775
FALSE,149,0.5
TRUE,149,2.5
FALSE,149,2.42487113059643
TRUE,149,5.19615242270663
TRUE,150,3.75
FALSE,150,0.416666666666667
FALSE,150,3.31976404784035
TRUE,150,5.5
TRUE,150,5.05181485540923
TRUE,150,5.05181485540923
FALSE,150,1.25
FALSE,150,1.15470053837925
FALSE,150,2.91666666666667
TRUE,150,5
TRUE,151,5
TRUE,151,2.5
TRUE,151,2.91666666666667
FALSE,151,0.5
TRUE,151,3.31976404784035
FALSE,151,1.15470053837925
FALSE,151,1.3856406460551
FALSE,151,1.25
TRUE,151,2.91666666666667
TRUE,151,2.5
FALSE,152,1.3856406460551
TRUE,152,1.5
FALSE,152,0.5
TRUE,152,2.91666666666667
TRUE,152,5.5
TRUE,152,3.75
TRUE,152,3.5
TRUE,152,5
FALSE,152,2.5
FALSE,152,1.25
TRUE,153,3.5
TRUE,153,5.19615242270663
TRUE,153,5.19615242270663
FALSE,153,1.5
FALSE,153,2.5
FALSE,153,2.42487113059643
FALSE,153,1.3856406460551
TRUE,153,3.46410161513775
TRUE,153,0.5
TRUE,154,2.5
TRUE,154,2.91666666666667
TRUE,154,2.5
FALSE,154,1.25
FALSE,154,0.346410161513776
FALSE,154,1.3856406460551
FALSE,154,0.5
FALSE,154,2.5
FALSE,154,1.15470053837925
TRUE,154,3.31976404784035
TRUE,154,2.5
FALSE,154,2.91666666666667
FALSE,154,3.31976404784035
TRUE,154,2.91666666666667
TRUE,155,3.5
FALSE,155,2.52590742770461
TRUE,155,1.15470053837925
FALSE,155,1.5
FALSE,155,2.5
TRUE,155,5.5
FALSE,155,3.31976404784035
TRUE,155,5.5
FALSE,155,0
TRUE,156,3.75
FALSE,156,1.15470053837925
TRUE,156,5.05181485540923
TRUE,156,3.31976404784035
FALSE,156,0.346410161513776
FALSE,156,0.416666666666667
TRUE,156,2.52590742770461
FALSE,156,5.05181485540923
FALSE,156,2.91666666666667
FALSE,156,1.25
FALSE,157,5.19615242270663
FALSE,157,1.5
FALSE,157,1.3856406460551
FALSE,157,2.42487113059643
FALSE,157,2.5
FALSE,157,0.5
FALSE,157,3.46410161513775
TRUE,157,5.5
FALSE,157,0.416666666666667
TRUE,157,3.5
TRUE,158,5.19615242270663
TRUE,158,5.05181485540923
FALSE,158,1.3856406460551
TRUE,158,1.15470053837925
FALSE,158,0.346410161513776
FALSE,158,2.52590742770461
TRUE,158,2.42487113059643
TRUE,158,3.46410161513775
TRUE,158,3.31976404784035
TRUE,160,5.5
TRUE,160,5.5
TRUE,160,3.75
FALSE,160,2.91666666666667
FALSE,160,1.25
FALSE,160,0.5
TRUE,160,1.5
FALSE,160,2.5
TRUE,160,5
TRUE,160,3.5
FALSE,160,3.46410161513775
FALSE,161,0.5
TRUE,161,2.91666666666667
TRUE,161,3.31976404784035
TRUE,161,2.91666666666667
TRUE,161,5
FALSE,161,2.5
FALSE,161,1.25
FALSE,161,1.15470053837925
TRUE,161,2.5
TRUE,161,2.42487113059643
TRUE,161,5
TRUE,161,3.5
FALSE,161,1.25
TRUE,161,2.5
TRUE,161,0.5
TRUE,161,3.75
TRUE,161,3.5
TRUE,161,5
FALSE,161,0.346410161513776
TRUE,161,5.19615242270663
FALSE,161,2.5
TRUE,162,2.91666666666667
TRUE,162,2.5
TRUE,162,3.31976404784035
FALSE,162,0.5
TRUE,162,3.31976404784035
FALSE,162,1.15470053837925
FALSE,162,1.25
TRUE,162,2.5
TRUE,162,2.91666666666667
FALSE,163,1.5
TRUE,163,1.15470053837925
TRUE,163,5.5
TRUE,163,5.05181485540923
TRUE,163,2.5
FALSE,163,0
TRUE,163,3.31976404784035
FALSE,163,2.52590742770461
TRUE,163,3.5
FALSE,164,1.15470053837925
FALSE,164,2.5
TRUE,164,3.5
TRUE,164,1.5
TRUE,164,2.52590742770461
TRUE,164,5.05181485540923
FALSE,164,0
TRUE,164,5.5
TRUE,164,3.31976404784035
FALSE,164,0
TRUE,165,5.19615242270663
FALSE,165,1.3856406460551
TRUE,165,5.19615242270663
TRUE,165,2.42487113059643
FALSE,165,1.5
FALSE,165,3.46410161513775
FALSE,165,2.5
TRUE,165,5.5
TRUE,165,0.5
TRUE,166,2.91666666666667
TRUE,166,2.91666666666667
TRUE,166,5
TRUE,166,2.5
TRUE,166,3.31976404784035
FALSE,166,1.25
TRUE,166,2.5
FALSE,166,0.5
FALSE,166,1.15470053837925
TRUE,166,3.75
FALSE,166,1.3856406460551
FALSE,166,2.42487113059643
FALSE,166,3.46410161513775
FALSE,166,2.91666666666667
FALSE,166,0
FALSE,166,1.25
TRUE,166,5.19615242270663
TRUE,166,3.75
FALSE,166,5.19615242270663
FALSE,166,0.416666666666667
FALSE,166,5
TRUE,167,3.31976404784035
TRUE,167,2.52590742770461
TRUE,167,5.5
TRUE,167,5.05181485540923
TRUE,167,5.5
FALSE,167,0
TRUE,167,2.5
FALSE,167,1.15470053837925
FALSE,167,1.5
FALSE,168,2.5
FALSE,168,3.31976404784035
TRUE,168,5.05181485540923
TRUE,168,5.05181485540923
TRUE,168,5.5
FALSE,168,0.5
FALSE,168,2.52590742770461
FALSE,168,1.15470053837925
TRUE,168,1.5
FALSE,169,1.25
FALSE,169,2.91666666666667
FALSE,169,0.416666666666667
FALSE,169,1.3856406460551
TRUE,169,5.19615242270663
TRUE,169,5.19615242270663
TRUE,169,2.42487113059643
TRUE,169,3.46410161513775
TRUE,169,3.75
TRUE,170,2.42487113059643
FALSE,170,2.91666666666667
FALSE,170,1.3856406460551
TRUE,170,3.75
FALSE,170,0.416666666666667
FALSE,170,1.25
TRUE,170,5
TRUE,170,5.19615242270663
TRUE,170,5.19615242270663
TRUE,171,1.5
FALSE,171,2.5
TRUE,171,2.52590742770461
TRUE,171,5.05181485540923
FALSE,171,3.31976404784035
TRUE,171,1.15470053837925
FALSE,171,3.5
TRUE,171,5.5
FALSE,171,0.5
TRUE,172,1.15470053837925
TRUE,172,5.05181485540923
TRUE,172,3.5
TRUE,172,2.52590742770461
FALSE,172,2.5
TRUE,172,3.31976404784035
FALSE,172,1.5
TRUE,172,5.5
FALSE,172,0
FALSE,173,1.3856406460551
TRUE,173,5.19615242270663
FALSE,173,3.46410161513775
TRUE,173,1.15470053837925
FALSE,173,2.42487113059643
FALSE,173,3.31976404784035
TRUE,173,5.05181485540923
TRUE,173,2.52590742770461
FALSE,173,0
FALSE,174,0.416666666666667
TRUE,174,5.19615242270663
TRUE,174,5.5
FALSE,174,3.31976404784035
FALSE,174,0.416666666666667
FALSE,174,1.3856406460551
FALSE,174,0
TRUE,174,2.52590742770461
FALSE,174,2.42487113059643
FALSE,174,2.42487113059643
TRUE,174,5.5
TRUE,174,3.75
TRUE,174,2.5
TRUE,174,3.5
FALSE,174,0
TRUE,174,3.5
FALSE,174,1.5
TRUE,174,5.19615242270663
FALSE,174,0.5
FALSE,174,0.416666666666667
TRUE,174,3.46410161513775
FALSE,175,3.31976404784035
TRUE,175,2.42487113059643
TRUE,175,5.05181485540923
FALSE,175,3.46410161513775
FALSE,175,1.15470053837925
FALSE,175,0
TRUE,175,5.19615242270663
TRUE,176,2.42487113059643
FALSE,176,1.15470053837925
FALSE,176,0.346410161513776
FALSE,176,3.31976404784035
FALSE,176,3.46410161513775
TRUE,176,5.05181485540923
FALSE,176,1.15470053837925
FALSE,176,2.52590742770461
TRUE,176,5.05181485540923
FALSE,176,1.3856406460551
TRUE,177,2.91666666666667
TRUE,177,2.5
FALSE,177,0.5
TRUE,177,3.31976404784035
FALSE,177,2.91666666666667
FALSE,177,1.25
FALSE,177,0.5
TRUE,177,2.5
TRUE,177,2.52590742770461
FALSE,177,1.15470053837925
TRUE,177,5.05181485540923
TRUE,177,5
FALSE,177,2.91666666666667
FALSE,178,2.5
FALSE,178,0.5
FALSE,178,1.5
TRUE,178,5.5
TRUE,179,3.5
FALSE,179,2.5
TRUE,179,5.19615242270663
TRUE,179,3.46410161513775
FALSE,179,1.3856406460551
FALSE,179,1.5
TRUE,179,5.5
FALSE,179,2.42487113059643
FALSE,179,0.5
FALSE,180,1.15470053837925
TRUE,180,5.19615242270663
FALSE,180,1.3856406460551
FALSE,180,3.31976404784035
TRUE,180,5.05181485540923
FALSE,180,0.346410161513776
FALSE,180,2.52590742770461
TRUE,180,5.05181485540923
TRUE,180,2.42487113059643
TRUE,181,2.52590742770461
FALSE,181,0
TRUE,181,5.5
TRUE,181,3.5
FALSE,181,2.5
TRUE,181,5.05181485540923
TRUE,181,3.31976404784035
FALSE,181,1.15470053837925
FALSE,181,1.5
TRUE,182,3.75
FALSE,182,1.25
TRUE,182,2.42487113059643
TRUE,182,5.19615242270663
TRUE,182,5.19615242270663
FALSE,182,1.3856406460551
TRUE,182,2.91666666666667
TRUE,182,3.46410161513775
FALSE,182,0.416666666666667
FALSE,183,0
FALSE,183,3.31976404784035
TRUE,183,2.42487113059643
FALSE,183,5.19615242270663
FALSE,183,1.15470053837925
TRUE,183,5.05181485540923
TRUE,183,2.52590742770461
FALSE,183,1.3856406460551
FALSE,183,3.46410161513775
TRUE,184,2.42487113059643
TRUE,184,5.5
FALSE,184,1.5
TRUE,184,3.5
TRUE,184,3.46410161513775
FALSE,184,0.5
FALSE,184,1.3856406460551
TRUE,184,5.19615242270663
FALSE,184,2.5
TRUE,185,2.42487113059643
TRUE,185,2.52590742770461
TRUE,185,3.46410161513775
FALSE,185,3.31976404784035
TRUE,185,5.19615242270663
TRUE,185,5.05181485540923
FALSE,185,0.346410161513776
FALSE,185,0.346410161513776
TRUE,185,1.15470053837925
FALSE,185,1.3856406460551
TRUE,186,5.19615242270663
FALSE,186,1.25
TRUE,186,2.91666666666667
FALSE,186,0.416666666666667
TRUE,186,2.42487113059643
FALSE,186,1.3856406460551
FALSE,186,5.19615242270663
TRUE,186,5
FALSE,186,1.25
FALSE,186,3.46410161513775
TRUE,187,5.19615242270663
FALSE,187,3.46410161513775
TRUE,187,5.05181485540923
TRUE,187,3.31976404784035
TRUE,187,1.3856406460551
TRUE,187,5.05181485540923
FALSE,187,1.15470053837925
FALSE,187,2.42487113059643
FALSE,187,0.346410161513776
FALSE,188,0.416666666666667
TRUE,188,5.19615242270663
TRUE,188,3.75
FALSE,188,2.91666666666667
TRUE,188,2.42487113059643
FALSE,188,1.25
TRUE,188,5
TRUE,188,5.19615242270663
FALSE,188,1.3856406460551
FALSE,189,2.91666666666667
TRUE,189,3.31976404784035
FALSE,189,1.15470053837925
TRUE,189,2.52590742770461
FALSE,189,0
FALSE,189,1.25
TRUE,189,3.75
TRUE,189,5.05181485540923
TRUE,189,5
TRUE,190,2.5
FALSE,190,2.91666666666667
TRUE,190,5.5
TRUE,190,1.5
FALSE,190,0.5
TRUE,190,3.5
TRUE,190,5
TRUE,190,3.75
FALSE,190,1.25
TRUE,191,2.5
TRUE,191,2.91666666666667
FALSE,191,1.15470053837925
TRUE,191,2.5
FALSE,191,1.25
FALSE,191,0.5
TRUE,191,3.31976404784035
TRUE,191,2.91666666666667
TRUE,191,3.31976404784035
FALSE,192,0.5
FALSE,192,1.5
TRUE,192,5.19615242270663
TRUE,192,3.5
FALSE,192,2.5
TRUE,192,5.5
FALSE,192,2.42487113059643
FALSE,192,3.46410161513775
TRUE,192,1.3856406460551
FALSE,193,1.25
TRUE,193,2.5
FALSE,193,1.15470053837925
FALSE,193,0.5
TRUE,193,5
TRUE,193,2.52590742770461
TRUE,193,2.91666666666667
TRUE,193,2.91666666666667
TRUE,193,2.5
TRUE,193,3.31976404784035
TRUE,194,2.91666666666667
FALSE,194,1.25
TRUE,194,2.42487113059643
TRUE,194,3.75
TRUE,194,5.19615242270663
FALSE,194,1.3856406460551
FALSE,194,0.416666666666667
FALSE,194,3.46410161513775
TRUE,194,5.19615242270663
TRUE,196,2.52590742770461
FALSE,196,0.5
TRUE,196,3.31976404784035
FALSE,196,1.15470053837925
FALSE,196,2.5
TRUE,196,3.75
TRUE,196,5.05181485540923
TRUE,196,3.5
FALSE,196,1.5
TRUE,196,5.5
FALSE,197,3.31976404784035
FALSE,197,1.5
FALSE,197,2.5
TRUE,197,3.5
FALSE,197,0
TRUE,197,5.5
TRUE,197,5.05181485540923
TRUE,197,1.15470053837925
TRUE,197,5.5
FALSE,198,1.5
TRUE,198,5
FALSE,198,2.91666666666667
TRUE,198,2.5
TRUE,198,0.5
TRUE,198,5.5
TRUE,198,3.5
FALSE,198,1.25
TRUE,198,3.75
TRUE,199,2.5
FALSE,199,0.5
TRUE,199,3.31976404784035
FALSE,199,1.25
TRUE,199,2.91666666666667
TRUE,199,5
FALSE,199,1.15470053837925
TRUE,199,2.91666666666667
TRUE,199,2.5
TRUE,200,3.31976404784035
FALSE,200,2.42487113059643
FALSE,200,2.91666666666667
FALSE,200,1.5
TRUE,200,5
FALSE,200,1.25
TRUE,200,5
FALSE,200,2.91666666666667
FALSE,200,1.5
FALSE,200,1.15470053837925
FALSE,200,0.5
TRUE,200,3.75
TRUE,200,2.52590742770461
TRUE,200,5
FALSE,200,1.15470053837925
FALSE,200,1.5
FALSE,200,3.31976404784035
TRUE,200,3.5
FALSE,200,0
TRUE,200,5.05181485540923
FALSE,200,1.3856406460551
TRUE,200,5.05181485540923
FALSE,201,0.416666666666667
FALSE,201,1.25
TRUE,201,3.75
FALSE,201,1.15470053837925
TRUE,201,3.31976404784035
FALSE,201,2.91666666666667
TRUE,201,2.52590742770461
TRUE,201,5
TRUE,201,5.05181485540923
TRUE,202,3.31976404784035
TRUE,202,2.52590742770461
TRUE,202,1.15470053837925
FALSE,202,0.5
TRUE,202,5.05181485540923
TRUE,202,3.5
TRUE,202,5.05181485540923
FALSE,202,1.5
FALSE,202,2.5
TRUE,203,1.5
FALSE,203,2.91666666666667
TRUE,203,3.75
TRUE,203,5
TRUE,203,5.5
TRUE,203,2.5
TRUE,203,3.5
FALSE,203,0.5
FALSE,203,1.25
FALSE,204,2.91666666666667
TRUE,204,2.52590742770461
TRUE,204,3.5
TRUE,204,2.52590742770461
FALSE,204,0
TRUE,204,5.05181485540923
FALSE,204,2.5
TRUE,204,3.31976404784035
TRUE,204,1.5
TRUE,204,3.75
FALSE,204,1.15470053837925
TRUE,204,5.5
FALSE,205,1.3856406460551
TRUE,205,2.42487113059643
TRUE,205,5.19615242270663
FALSE,205,3.31976404784035
FALSE,205,0
TRUE,205,1.15470053837925
FALSE,205,3.46410161513775
TRUE,205,2.52590742770461
TRUE,205,5.05181485540923
TRUE,206,3.31976404784035
FALSE,206,1.15470053837925
FALSE,206,0.346410161513776
TRUE,206,5.19615242270663
FALSE,206,1.3856406460551
TRUE,206,5.05181485540923
TRUE,206,2.52590742770461
FALSE,206,5.5
TRUE,206,2.42487113059643
TRUE,206,3.46410161513775
FALSE,208,1.5
TRUE,208,2.42487113059643
TRUE,208,5.19615242270663
FALSE,208,0.5
FALSE,208,3.46410161513775
FALSE,208,1.3856406460551
TRUE,208,2.5
TRUE,208,3.5
TRUE,208,5.5
TRUE,209,2.52590742770461
FALSE,209,2.91666666666667
TRUE,209,5
TRUE,209,0
FALSE,209,1.25
TRUE,209,5
TRUE,209,3.75
TRUE,209,3.31976404784035
FALSE,209,1.15470053837925
TRUE,211,2.52590742770461
FALSE,211,0.346410161513776
FALSE,211,2.42487113059643
TRUE,211,5.05181485540923
FALSE,211,1.3856406460551
TRUE,211,3.46410161513775
FALSE,211,3.31976404784035
TRUE,211,5.05181485540923
FALSE,211,1.15470053837925
TRUE,212,1.15470053837925
TRUE,212,5.05181485540923
FALSE,212,0
FALSE,212,5
FALSE,212,1.25
FALSE,212,2.91666666666667
TRUE,212,3.75
TRUE,212,3.31976404784035
TRUE,212,2.52590742770461
FALSE,213,0.416666666666667
FALSE,213,1.25
TRUE,213,2.52590742770461
TRUE,213,3.31976404784035
TRUE,213,5
TRUE,213,1.15470053837925
TRUE,213,3.75
TRUE,213,5.05181485540923
FALSE,213,2.91666666666667
FALSE,214,1.25
TRUE,214,2.91666666666667
TRUE,214,3.75
FALSE,214,0.5
FALSE,214,2.5
TRUE,214,5.19615242270663
FALSE,214,2.91666666666667
FALSE,214,1.25
TRUE,214,5.5
TRUE,214,5
FALSE,214,0.416666666666667
TRUE,214,3.5
FALSE,214,2.42487113059643
FALSE,214,1.3856406460551
TRUE,214,3.46410161513775
TRUE,214,3.75
TRUE,214,1.5
TRUE,214,5.19615242270663
FALSE,216,0.5
TRUE,216,5.19615242270663
TRUE,216,3.5
FALSE,216,1.3856406460551
TRUE,216,2.42487113059643
FALSE,216,2.5
TRUE,216,5.5
FALSE,216,3.46410161513775
TRUE,216,1.5
FALSE,217,1.3856406460551
FALSE,217,3.31976404784035
TRUE,217,5.19615242270663
FALSE,217,1.15470053837925
FALSE,217,0.346410161513776
TRUE,217,3.46410161513775
FALSE,217,2.52590742770461
TRUE,217,5.05181485540923
TRUE,217,2.42487113059643
FALSE,218,2.42487113059643
FALSE,218,1.3856406460551
TRUE,218,3.75
TRUE,218,5
FALSE,218,1.25
FALSE,218,3.46410161513775
FALSE,218,0.416666666666667
FALSE,218,5.19615242270663
FALSE,218,2.91666666666667
FALSE,219,0
TRUE,219,5.05181485540923
FALSE,219,1.15470053837925
TRUE,219,3.31976404784035
TRUE,219,2.52590742770461
TRUE,219,5.19615242270663
TRUE,219,5.19615242270663
FALSE,219,1.3856406460551
FALSE,219,0.416666666666667
TRUE,219,3.46410161513775
TRUE,220,5.19615242270663
TRUE,220,2.52590742770461
TRUE,220,3.31976404784035
FALSE,220,2.91666666666667
TRUE,220,0.5
TRUE,220,0.5
FALSE,220,2.91666666666667
TRUE,220,5
TRUE,220,5
FALSE,220,3.31976404784035
FALSE,220,1.25
FALSE,220,1.5
FALSE,220,2.5
FALSE,220,5
FALSE,220,1.25
FALSE,220,1.25
FALSE,220,3.31976404784035
TRUE,220,1.15470053837925
TRUE,220,5
FALSE,220,2.5
TRUE,220,5.05181485540923
FALSE,220,1.3856406460551
FALSE,220,0
TRUE,220,3.75
FALSE,220,2.91666666666667
TRUE,220,3.46410161513775
FALSE,220,2.5
TRUE,220,3.75
TRUE,220,2.52590742770461
FALSE,220,0
TRUE,220,2.42487113059643
TRUE,221,2.5
FALSE,221,1.25
TRUE,221,2.91666666666667
FALSE,221,0.5
TRUE,221,2.91666666666667
FALSE,221,1.15470053837925
TRUE,221,5
FALSE,221,1.25
TRUE,221,2.5
TRUE,221,3.31976404784035
TRUE,222,5.19615242270663
FALSE,222,1.3856406460551
TRUE,222,3.75
FALSE,222,2.91666666666667
TRUE,222,5
TRUE,222,5.19615242270663
TRUE,222,2.42487113059643
FALSE,222,0.416666666666667
FALSE,222,1.25
TRUE,224,2.42487113059643
FALSE,224,2.5
TRUE,224,2.42487113059643
TRUE,224,3.5
TRUE,224,5.19615242270663
FALSE,224,0.5
FALSE,224,1.3856406460551
TRUE,224,5.5
TRUE,224,1.5
TRUE,224,5.19615242270663
FALSE,224,0.346410161513776
FALSE,225,0.5
FALSE,225,2.91666666666667
FALSE,225,1.25
TRUE,225,1.5
TRUE,225,3.5
TRUE,225,3.75
TRUE,225,5
FALSE,225,2.5
TRUE,225,5
TRUE,225,5
FALSE,226,0
FALSE,226,1.3856406460551
TRUE,226,5.5
FALSE,226,1.15470053837925
FALSE,226,5.19615242270663
TRUE,226,5.19615242270663
FALSE,226,3.31976404784035
TRUE,226,2.52590742770461
FALSE,226,2.42487113059643
TRUE,226,5.05181485540923
TRUE,227,3.5
FALSE,227,0
TRUE,227,5.05181485540923
TRUE,227,5.5
TRUE,227,2.91666666666667
FALSE,227,3.31976404784035
FALSE,227,2.5
TRUE,227,2.52590742770461
FALSE,227,1.15470053837925
TRUE,227,3.5
FALSE,227,1.5
TRUE,228,1.15470053837925
FALSE,228,1.25
FALSE,228,1.15470053837925
TRUE,228,3.75
TRUE,228,3.31976404784035
TRUE,228,5.05181485540923
TRUE,228,2.52590742770461
TRUE,228,3.75
TRUE,228,3.75
FALSE,228,0.416666666666667
TRUE,228,2.42487113059643
FALSE,228,2.91666666666667
TRUE,228,5.05181485540923
TRUE,230,5.5
TRUE,230,5
FALSE,230,0.5
TRUE,230,3.75
TRUE,230,2.91666666666667
FALSE,230,1.25
FALSE,230,2.5
TRUE,230,3.5
FALSE,230,1.5
FALSE,232,3.31976404784035
TRUE,232,5.05181485540923
TRUE,232,1.15470053837925
FALSE,232,2.91666666666667
TRUE,232,3.75
FALSE,232,0.416666666666667
FALSE,232,1.25
TRUE,232,5.05181485540923
TRUE,232,2.52590742770461
TRUE,233,5.05181485540923
FALSE,233,1.15470053837925
TRUE,233,3.75
TRUE,233,3.31976404784035
TRUE,233,5.05181485540923
FALSE,233,1.25
TRUE,233,2.52590742770461
FALSE,233,0.416666666666667
FALSE,233,2.91666666666667
TRUE,234,5.19615242270663
FALSE,234,3.46410161513775
TRUE,234,2.5
FALSE,234,0.5
FALSE,234,1.5
TRUE,234,3.5
TRUE,234,2.42487113059643
FALSE,234,1.3856406460551
TRUE,234,5.19615242270663
TRUE,235,3.5
TRUE,235,2.91666666666667
TRUE,235,2.42487113059643
TRUE,235,2.5
TRUE,235,2.5
FALSE,235,1.5
TRUE,235,5.5
FALSE,235,0.5
FALSE,235,2.5
TRUE,235,5
TRUE,235,1.25
TRUE,235,3.46410161513775
TRUE,235,5.19615242270663
FALSE,235,2.42487113059643
FALSE,235,0.5
FALSE,235,1.15470053837925
FALSE,235,1.3856406460551
TRUE,235,2.91666666666667
TRUE,235,5.19615242270663
TRUE,235,3.31976404784035
FALSE,236,2.91666666666667
FALSE,236,2.5
TRUE,236,5
TRUE,236,5
TRUE,236,3.5
TRUE,236,0.5
TRUE,236,3.75
FALSE,236,0.5
TRUE,236,1.5
FALSE,236,1.25
TRUE,237,2.42487113059643
TRUE,237,3.46410161513775
FALSE,237,1.3856406460551
FALSE,237,1.25
TRUE,237,5.19615242270663
TRUE,237,5.19615242270663
FALSE,237,0.416666666666667
TRUE,237,3.75
TRUE,237,2.91666666666667
TRUE,238,5.19615242270663
FALSE,238,1.15470053837925
TRUE,238,5.05181485540923
FALSE,238,3.31976404784035
TRUE,238,5.05181485540923
FALSE,238,0.346410161513776
TRUE,238,5.19615242270663
FALSE,238,3.46410161513775
FALSE,238,1.3856406460551
TRUE,238,3.46410161513775
TRUE,238,2.52590742770461
TRUE,239,3.31976404784035
TRUE,239,5.19615242270663
FALSE,239,5.19615242270663
FALSE,239,1.3856406460551
FALSE,239,1.15470053837925
FALSE,239,2.52590742770461
TRUE,239,3.46410161513775
TRUE,239,2.42487113059643
FALSE,239,0
FALSE,240,3.46410161513775
FALSE,240,1.25
FALSE,240,2.91666666666667
FALSE,240,1.25
FALSE,240,5.19615242270663
TRUE,240,5.19615242270663
TRUE,240,3.75
FALSE,240,0.416666666666667
TRUE,240,5.19615242270663
TRUE,240,2.42487113059643
FALSE,240,5
FALSE,240,1.3856406460551
FALSE,241,1.25
TRUE,241,1.5
FALSE,241,2.91666666666667
FALSE,241,0.5
TRUE,241,3.5
TRUE,241,3.75
TRUE,241,5
TRUE,241,5.5
FALSE,241,2.5
FALSE,242,0
TRUE,242,1.15470053837925
TRUE,242,5.5
FALSE,242,3.5
FALSE,242,0.5
TRUE,242,2.91666666666667
TRUE,242,3.31976404784035
TRUE,242,2.5
FALSE,242,2.5
FALSE,242,1.25
FALSE,242,1.15470053837925
TRUE,242,2.91666666666667
TRUE,242,3.31976404784035
TRUE,242,3.5
TRUE,242,1.5
FALSE,242,3.31976404784035
TRUE,242,2.52590742770461
TRUE,242,2.5
TRUE,242,5.5
TRUE,242,5
TRUE,243,5.19615242270663
FALSE,243,0
TRUE,243,2.42487113059643
TRUE,243,5.5
TRUE,243,5.19615242270663
TRUE,243,1.5
FALSE,243,2.5
FALSE,243,0.5
FALSE,243,1.3856406460551
TRUE,243,3.46410161513775
FALSE,243,1.3856406460551
TRUE,244,5.05181485540923
FALSE,244,1.25
FALSE,244,2.5
FALSE,244,0
FALSE,244,3.31976404784035
TRUE,244,3.75
TRUE,244,3.5
FALSE,244,0
TRUE,244,5.05181485540923
FALSE,244,2.91666666666667
FALSE,244,3.5
TRUE,244,1.5
TRUE,244,5.5
FALSE,244,1.25
TRUE,244,2.91666666666667
TRUE,244,5.05181485540923
FALSE,244,1.5
TRUE,244,5.5
TRUE,244,1.5
TRUE,244,5.05181485540923
FALSE,244,1.5
FALSE,244,5
TRUE,244,0.5
TRUE,244,5
FALSE,245,3.31976404784035
FALSE,245,2.5
FALSE,245,1.5
TRUE,245,2.52590742770461
TRUE,245,5.5
TRUE,245,5.5
TRUE,245,5.05181485540923
TRUE,245,1.15470053837925
FALSE,245,0
TRUE,246,2.5
FALSE,246,1.15470053837925
FALSE,246,1.15470053837925
TRUE,246,5
TRUE,246,3.31976404784035
FALSE,246,0.5
TRUE,246,2.91666666666667
FALSE,246,1.25
TRUE,246,2.5
TRUE,246,2.91666666666667
TRUE,247,0.5
FALSE,247,3.46410161513775
FALSE,247,1.3856406460551
TRUE,247,3.5
TRUE,247,1.5
TRUE,247,2.42487113059643
FALSE,247,2.5
TRUE,247,5.19615242270663
TRUE,247,5.19615242270663
FALSE,248,1.25
TRUE,248,5.19615242270663
TRUE,248,5.5
FALSE,248,1.3856406460551
TRUE,248,5.19615242270663
TRUE,248,3.5
TRUE,248,1.5
TRUE,248,0.5
TRUE,248,2.5
TRUE,249,1.15470053837925
TRUE,249,3.31976404784035
TRUE,249,5.5
TRUE,249,1.5
FALSE,249,0
TRUE,249,5.05181485540923
TRUE,249,2.52590742770461
TRUE,249,1.3856406460551
TRUE,249,3.46410161513775
FALSE,249,2.5
TRUE,249,3.5
TRUE,251,2.5
FALSE,251,1.15470053837925
TRUE,251,2.5
TRUE,251,3.31976404784035
TRUE,251,2.91666666666667
TRUE,251,3.31976404784035
TRUE,251,2.91666666666667
FALSE,251,1.25
FALSE,251,0.5
TRUE,252,5
TRUE,252,3.46410161513775
FALSE,252,1.3856406460551
FALSE,252,5.19615242270663
TRUE,252,5.19615242270663
FALSE,252,1.25
FALSE,252,0.416666666666667
FALSE,252,2.91666666666667
FALSE,252,2.42487113059643
FALSE,254,1.25
FALSE,254,0.5
TRUE,254,2.91666666666667
TRUE,254,3.31976404784035
FALSE,254,1.15470053837925
TRUE,254,2.91666666666667
TRUE,254,2.5
TRUE,254,2.5
TRUE,254,3.31976404784035
FALSE,255,5.19615242270663
FALSE,255,3.5
FALSE,255,2.5
FALSE,255,2.42487113059643
FALSE,255,5.19615242270663
FALSE,255,5.19615242270663
FALSE,255,1.3856406460551
FALSE,255,1.5
TRUE,255,0.5
FALSE,256,1.25
TRUE,256,3.31976404784035
TRUE,256,2.91666666666667
TRUE,256,2.91666666666667
FALSE,256,0.5
TRUE,256,2.5
FALSE,256,1.15470053837925
TRUE,256,5
TRUE,256,2.5
FALSE,257,2.5
TRUE,257,2.52590742770461
FALSE,257,1.5
TRUE,257,5.05181485540923
TRUE,257,1.15470053837925
TRUE,257,5.05181485540923
TRUE,257,3.5
FALSE,257,3.31976404784035
FALSE,257,1.5
TRUE,257,5.05181485540923
FALSE,257,0.5
FALSE,258,1.5
TRUE,258,2.5
TRUE,258,0.5
TRUE,258,5.19615242270663
TRUE,258,5.19615242270663
TRUE,258,5.5
TRUE,258,3.46410161513775
TRUE,258,2.42487113059643
FALSE,258,1.3856406460551
FALSE,259,5.19615242270663
TRUE,259,3.46410161513775
TRUE,259,2.52590742770461
FALSE,259,3.31976404784035
FALSE,259,0.346410161513776
TRUE,259,5.05181485540923
FALSE,259,1.3856406460551
TRUE,259,5.05181485540923
TRUE,259,5.05181485540923
FALSE,259,1.15470053837925
TRUE,260,1.3856406460551
FALSE,260,5.19615242270663
TRUE,260,2.42487113059643
TRUE,260,5.19615242270663
TRUE,260,2.52590742770461
FALSE,260,0
FALSE,260,1.15470053837925
TRUE,260,3.31976404784035
TRUE,260,3.46410161513775
FALSE,261,3.31976404784035
FALSE,261,1.3856406460551
TRUE,261,5.05181485540923
FALSE,261,1.15470053837925
TRUE,261,2.52590742770461
FALSE,261,0.346410161513776
TRUE,261,2.42487113059643
TRUE,261,5.05181485540923
FALSE,261,5.19615242270663
TRUE,262,5.5
TRUE,262,5.19615242270663
TRUE,262,5.19615242270663
FALSE,262,1.15470053837925
TRUE,262,2.42487113059643
TRUE,262,2.5
TRUE,262,3.5
TRUE,262,1.5
FALSE,262,0.5
FALSE,262,1.3856406460551
FALSE,263,0.416666666666667
TRUE,263,2.52590742770461
FALSE,263,2.91666666666667
TRUE,263,3.31976404784035
TRUE,263,5
FALSE,263,2.91666666666667
TRUE,263,5.05181485540923
TRUE,263,3.75
TRUE,263,1.15470053837925
FALSE,263,1.25
TRUE,265,2.42487113059643
FALSE,265,1.3856406460551
FALSE,265,2.5
TRUE,265,5.19615242270663
FALSE,265,0.5
FALSE,265,5.19615242270663
FALSE,265,1.5
TRUE,265,5.5
TRUE,265,3.46410161513775
TRUE,266,2.5
TRUE,266,3.5
TRUE,266,3.31976404784035
FALSE,266,1.5
FALSE,266,2.52590742770461
FALSE,266,0.5
FALSE,266,1.15470053837925
TRUE,266,5.5
TRUE,266,5.05181485540923
TRUE,267,1.15470053837925
TRUE,267,3.75
TRUE,267,1.15470053837925
TRUE,267,3.31976404784035
FALSE,267,0.416666666666667
TRUE,267,2.91666666666667
TRUE,267,2.52590742770461
TRUE,267,5.05181485540923
FALSE,267,1.25
FALSE,267,1.25
TRUE,267,5.05181485540923
FALSE,268,0
TRUE,268,1.5
TRUE,268,5.5
TRUE,268,5.5
TRUE,268,1.15470053837925
TRUE,268,3.5
TRUE,268,2.52590742770461
FALSE,268,3.31976404784035
FALSE,268,2.5
TRUE,269,2.91666666666667
FALSE,269,1.25
FALSE,269,1.5
TRUE,269,3.75
TRUE,269,5.5
TRUE,269,3.5
FALSE,269,0.5
FALSE,269,2.5
TRUE,269,5
FALSE,270,1.25
FALSE,270,2.91666666666667
FALSE,270,1.15470053837925
TRUE,270,5.05181485540923
TRUE,270,5.05181485540923
TRUE,270,5.05181485540923
TRUE,270,2.52590742770461
TRUE,270,3.75
FALSE,270,0.416666666666667
FALSE,271,2.91666666666667
TRUE,271,1.5
FALSE,271,0.5
FALSE,271,2.5
FALSE,271,1.25
TRUE,271,5
TRUE,271,5.5
TRUE,271,5
TRUE,271,3.75
TRUE,272,2.91666666666667
TRUE,272,2.91666666666667
TRUE,272,2.5
TRUE,272,5
TRUE,272,2.5
TRUE,272,3.31976404784035
FALSE,272,1.15470053837925
FALSE,272,0.5
TRUE,272,1.25
FALSE,273,2.5
TRUE,273,3.46410161513775
TRUE,273,5.19615242270663
TRUE,273,5.19615242270663
FALSE,273,1.5
TRUE,273,3.5
TRUE,273,5.5
FALSE,273,1.3856406460551
FALSE,273,0.5
TRUE,274,3.5
FALSE,274,2.91666666666667
FALSE,274,0.5
FALSE,274,2.5
TRUE,274,5.5
FALSE,274,1.5
TRUE,274,3.75
FALSE,274,1.25
TRUE,274,5
FALSE,275,2.91666666666667
FALSE,275,1.15470053837925
TRUE,275,5.05181485540923
FALSE,275,1.25
TRUE,275,2.52590742770461
TRUE,275,3.75
FALSE,275,3.31976404784035
TRUE,275,5.05181485540923
FALSE,275,0.416666666666667
FALSE,276,1.25
FALSE,276,2.91666666666667
FALSE,276,1.3856406460551
FALSE,276,0.416666666666667
TRUE,276,5
TRUE,276,5.19615242270663
TRUE,276,5.19615242270663
TRUE,276,3.75
TRUE,276,3.46410161513775
TRUE,276,3.5
FALSE,277,2.52590742770461
FALSE,277,0.346410161513776
FALSE,277,2.42487113059643
TRUE,277,1.15470053837925
FALSE,277,1.3856406460551
TRUE,277,5.19615242270663
FALSE,277,3.46410161513775
TRUE,277,5.05181485540923
TRUE,277,3.31976404784035
FALSE,278,1.25
FALSE,278,1.25
TRUE,278,2.42487113059643
FALSE,278,1.3856406460551
TRUE,278,2.5
TRUE,278,3.46410161513775
TRUE,278,5
TRUE,278,2.52590742770461
FALSE,278,0.5
TRUE,278,5.05181485540923
TRUE,278,5.5
TRUE,278,1.25
TRUE,278,2.5
TRUE,278,5.5
TRUE,278,1.3856406460551
FALSE,278,0.416666666666667
TRUE,278,5.05181485540923
FALSE,278,0.416666666666667
TRUE,278,3.5
FALSE,278,2.5
FALSE,278,2.5
FALSE,278,0
FALSE,278,2.91666666666667
FALSE,278,1.25
TRUE,278,2.91666666666667
TRUE,278,2.42487113059643
FALSE,278,0
TRUE,278,5
FALSE,278,2.5
TRUE,278,3.75
TRUE,278,5.05181485540923
FALSE,278,1.25
TRUE,278,3.31976404784035
TRUE,278,3.31976404784035
TRUE,278,5.19615242270663
TRUE,278,5
FALSE,278,1.5
FALSE,278,1.15470053837925
TRUE,278,2.42487113059643
TRUE,278,2.91666666666667
TRUE,278,5.5
TRUE,278,2.91666666666667
FALSE,278,0.5
FALSE,278,2.91666666666667
TRUE,278,2.91666666666667
FALSE,278,0.416666666666667
TRUE,278,2.91666666666667
TRUE,278,3.46410161513775
TRUE,278,5
TRUE,278,3.75
FALSE,278,0.5
TRUE,278,3.75
TRUE,278,3.31976404784035
TRUE,278,5.5
FALSE,278,3.46410161513775
FALSE,278,0.5
FALSE,278,0.5
TRUE,278,1.15470053837925
FALSE,278,0.346410161513776
FALSE,278,1.5
FALSE,278,1.25
TRUE,278,5.19615242270663
TRUE,278,3.46410161513775
FALSE,278,2.42487113059643
FALSE,278,0.346410161513776
FALSE,278,1.5
TRUE,278,5.19615242270663
TRUE,278,5.05181485540923
FALSE,278,0
TRUE,278,5.19615242270663
FALSE,278,1.25
TRUE,278,2.42487113059643
FALSE,278,2.5
TRUE,278,5
TRUE,278,5.05181485540923
TRUE,278,2.91666666666667
FALSE,278,0.5
TRUE,278,1.5
TRUE,278,1.25
FALSE,278,3.46410161513775
TRUE,278,2.5
FALSE,278,2.91666666666667
TRUE,278,5.19615242270663
TRUE,278,5
TRUE,278,5.05181485540923
FALSE,278,1.15470053837925
TRUE,278,3.5
FALSE,278,1.3856406460551
FALSE,278,1.15470053837925
TRUE,278,5.05181485540923
FALSE,278,2.91666666666667
TRUE,278,3.5
TRUE,278,3.5
FALSE,278,1.3856406460551
TRUE,278,0.5
TRUE,278,2.91666666666667
TRUE,278,5
TRUE,278,3.75
FALSE,279,0.416666666666667
TRUE,279,2.42487113059643
TRUE,279,1.3856406460551
TRUE,279,2.91666666666667
TRUE,279,5.19615242270663
TRUE,279,3.75
TRUE,279,5.19615242270663
TRUE,279,1.25
FALSE,279,3.46410161513775
TRUE,280,2.5
TRUE,280,2.91666666666667
FALSE,280,0.5
FALSE,280,2.5
TRUE,280,3.31976404784035
TRUE,280,2.91666666666667
TRUE,280,2.91666666666667
TRUE,280,2.91666666666667
FALSE,280,1.25
TRUE,280,2.5
FALSE,280,1.15470053837925
FALSE,280,1.15470053837925
TRUE,280,5
FALSE,280,1.25
TRUE,280,3.31976404784035
FALSE,281,0.416666666666667
TRUE,281,5.19615242270663
FALSE,281,1.25
TRUE,281,3.75
TRUE,281,2.91666666666667
TRUE,281,2.42487113059643
TRUE,281,5
FALSE,281,1.3856406460551
TRUE,281,2.91666666666667
TRUE,281,5.19615242270663
FALSE,282,0
TRUE,282,2.91666666666667
TRUE,282,3.75
TRUE,282,3.31976404784035
TRUE,282,5
TRUE,282,2.52590742770461
TRUE,282,1.15470053837925
TRUE,282,5.05181485540923
FALSE,282,1.25
TRUE,283,3.75
FALSE,283,0.5
FALSE,283,2.91666666666667
FALSE,283,1.5
TRUE,283,3.5
TRUE,283,5.5
FALSE,283,2.5
TRUE,283,5
FALSE,283,1.25
TRUE,284,5.19615242270663
FALSE,284,0.416666666666667
FALSE,284,1.25
FALSE,284,2.42487113059643
TRUE,284,2.91666666666667
TRUE,284,3.46410161513775
TRUE,284,5
FALSE,284,5.19615242270663
FALSE,284,1.3856406460551
TRUE,285,1.5
FALSE,285,0.5
FALSE,285,2.91666666666667
FALSE,285,1.25
TRUE,285,3.5
TRUE,285,5
FALSE,285,2.5
TRUE,285,3.75
TRUE,285,5.5
FALSE,286,0.5
TRUE,286,2.5
TRUE,286,2.91666666666667
TRUE,286,5
TRUE,286,2.91666666666667
TRUE,286,2.5
FALSE,286,1.25
FALSE,286,1.15470053837925
TRUE,286,3.31976404784035
FALSE,287,1.25
FALSE,287,2.91666666666667
TRUE,287,3.5
FALSE,287,0.5
TRUE,287,5
TRUE,287,5.5
FALSE,287,2.5
TRUE,287,3.75
FALSE,287,1.5
FALSE,288,1.25
FALSE,288,1.3856406460551
TRUE,288,5.19615242270663
TRUE,288,3.46410161513775
FALSE,288,2.91666666666667
TRUE,288,3.75
TRUE,288,2.42487113059643
FALSE,288,0.416666666666667
TRUE,288,5.19615242270663
FALSE,289,1.15470053837925
FALSE,289,0
TRUE,289,2.42487113059643
FALSE,289,1.3856406460551
TRUE,289,5.19615242270663
TRUE,289,5.05181485540923
FALSE,289,1.3856406460551
TRUE,289,3.31976404784035
TRUE,289,3.46410161513775
FALSE,290,1.25
FALSE,290,2.91666666666667
FALSE,290,1.5
TRUE,290,3.75
FALSE,290,0.5
TRUE,290,2.5
TRUE,290,5
TRUE,290,3.5
TRUE,290,5.5
FALSE,291,1.25
TRUE,291,5
FALSE,291,1.15470053837925
FALSE,291,0
FALSE,291,0
TRUE,291,5
FALSE,291,2.52590742770461
FALSE,291,2.91666666666667
TRUE,291,3.75
FALSE,291,1.15470053837925
FALSE,291,2.42487113059643
TRUE,291,3.31976404784035
FALSE,292,3.31976404784035
TRUE,292,2.52590742770461
FALSE,292,2.91666666666667
TRUE,292,5
FALSE,292,3.31976404784035
TRUE,292,3.75
FALSE,292,1.25
TRUE,292,5.05181485540923
FALSE,292,1.15470053837925
TRUE,293,5.5
FALSE,293,5.19615242270663
TRUE,293,5.19615242270663
FALSE,293,2.42487113059643
FALSE,293,1.3856406460551
TRUE,293,5.05181485540923
FALSE,293,0.5
FALSE,293,2.5
TRUE,293,3.46410161513775
FALSE,293,1.5
FALSE,293,3.46410161513775
FALSE,294,0
FALSE,294,1.15470053837925
TRUE,294,2.42487113059643
TRUE,294,5.19615242270663
TRUE,294,5.19615242270663
TRUE,294,3.46410161513775
FALSE,294,1.3856406460551
TRUE,294,2.52590742770461
TRUE,294,3.31976404784035
FALSE,295,3.46410161513775
TRUE,295,5.19615242270663
FALSE,295,1.3856406460551
FALSE,295,3.31976404784035
FALSE,295,1.15470053837925
TRUE,295,5.05181485540923
FALSE,295,0.346410161513776
FALSE,295,0.346410161513776
TRUE,295,2.52590742770461
TRUE,296,5.19615242270663
TRUE,296,5.19615242270663
TRUE,296,3.75
FALSE,296,2.91666666666667
FALSE,296,1.25
FALSE,296,1.3856406460551
TRUE,296,3.46410161513775
TRUE,296,2.42487113059643
FALSE,296,0.416666666666667
TRUE,297,5.5
TRUE,297,5
FALSE,297,1.5
TRUE,297,3.5
TRUE,297,3.75
FALSE,297,1.25
FALSE,297,2.91666666666667
FALSE,297,0.5
FALSE,297,2.5
TRUE,298,3.5
TRUE,298,1.5
TRUE,298,2.91666666666667
TRUE,298,3.75
TRUE,298,0.5
FALSE,298,5.5
FALSE,298,1.25
FALSE,298,2.5
TRUE,298,5
TRUE,300,1.15470053837925
TRUE,300,5.05181485540923
TRUE,300,5.05181485540923
FALSE,300,1.25
FALSE,300,3.31976404784035
FALSE,300,2.91666666666667
FALSE,300,0.416666666666667
TRUE,300,2.52590742770461
FALSE,300,3.75
FALSE,301,2.91666666666667
TRUE,301,3.75
TRUE,301,3.5
FALSE,301,2.5
TRUE,301,5.5
FALSE,301,0.5
FALSE,301,1.5
TRUE,301,5
FALSE,301,1.25
TRUE,302,1.15470053837925
TRUE,302,2.52590742770461
FALSE,302,0.5
FALSE,302,2.5
FALSE,302,1.5
TRUE,302,5.05181485540923
TRUE,302,5.05181485540923
TRUE,302,3.31976404784035
TRUE,302,3.5
TRUE,303,2.5
FALSE,303,1.15470053837925
FALSE,303,0.5
TRUE,303,2.91666666666667
TRUE,303,2.42487113059643
TRUE,303,2.91666666666667
TRUE,303,3.31976404784035
TRUE,303,3.31976404784035
FALSE,303,2.5
FALSE,303,3.31976404784035
FALSE,303,5.5
TRUE,303,2.5
FALSE,303,5.5
FALSE,303,2.5
TRUE,303,2.5
TRUE,303,1.25
TRUE,303,2.42487113059643
TRUE,304,3.31976404784035
FALSE,304,0.416666666666667
FALSE,304,0.5
FALSE,304,1.5
TRUE,304,2.52590742770461
FALSE,304,2.5
TRUE,304,1.15470053837925
TRUE,304,3.5
TRUE,304,5.05181485540923
TRUE,304,5.05181485540923
FALSE,306,2.42487113059643
FALSE,306,1.3856406460551
FALSE,306,1.5
TRUE,306,2.5
TRUE,306,5.19615242270663
FALSE,306,5.19615242270663
TRUE,306,3.46410161513775
FALSE,306,0.5
TRUE,306,5.5
FALSE,307,2.91666666666667
TRUE,307,5.19615242270663
TRUE,307,2.42487113059643
FALSE,307,1.25
TRUE,307,3.46410161513775
FALSE,307,0.416666666666667
FALSE,307,1.3856406460551
TRUE,307,5.19615242270663
TRUE,307,5
TRUE,308,5
TRUE,308,3.31976404784035
FALSE,308,1.25
FALSE,308,2.52590742770461
TRUE,308,3.31976404784035
FALSE,308,2.91666666666667
TRUE,308,5.19615242270663
FALSE,308,1.15470053837925
FALSE,308,0.416666666666667
TRUE,308,3.75
TRUE,308,5.05181485540923
FALSE,309,0.416666666666667
FALSE,309,1.25
TRUE,309,3.75
FALSE,309,2.91666666666667
FALSE,309,3.31976404784035
TRUE,309,5
TRUE,309,5.05181485540923
TRUE,309,2.52590742770461
TRUE,309,1.15470053837925
FALSE,311,2.5
TRUE,311,5
TRUE,311,2.91666666666667
TRUE,311,5
TRUE,311,5.5
TRUE,311,3.75
FALSE,311,1.25
FALSE,311,0.5
TRUE,311,1.5
TRUE,312,3.31976404784035
FALSE,312,0
TRUE,312,5.5
TRUE,312,2.52590742770461
FALSE,312,2.5
TRUE,312,1.15470053837925
FALSE,312,2.42487113059643
TRUE,312,3.5
TRUE,312,1.5
TRUE,312,5.5
TRUE,313,5
TRUE,313,5
FALSE,313,2.91666666666667
TRUE,313,0.5
TRUE,313,3.75
FALSE,313,1.5
FALSE,313,2.5
FALSE,313,1.25
TRUE,313,3.5
TRUE,314,2.91666666666667
TRUE,314,2.5
FALSE,314,0.5
FALSE,314,1.25
TRUE,314,5
TRUE,314,3.31976404784035
FALSE,314,1.15470053837925
TRUE,314,2.5
TRUE,314,2.91666666666667
FALSE,315,2.52590742770461
TRUE,315,2.42487113059643
TRUE,315,5.19615242270663
FALSE,315,1.3856406460551
FALSE,315,0
TRUE,315,1.15470053837925
TRUE,315,3.31976404784035
TRUE,315,5.05181485540923
TRUE,315,3.46410161513775
FALSE,316,1.25
FALSE,316,0.416666666666667
TRUE,316,3.75
TRUE,316,2.42487113059643
TRUE,316,3.46410161513775
FALSE,316,1.3856406460551
FALSE,316,2.91666666666667
TRUE,316,5.19615242270663
TRUE,316,5.19615242270663
TRUE,317,2.42487113059643
TRUE,317,3.75
TRUE,317,5.19615242270663
TRUE,317,3.75
FALSE,317,0.416666666666667
TRUE,317,3.75
FALSE,317,1.25
TRUE,317,3.75
TRUE,317,1.3856406460551
FALSE,317,0
TRUE,317,3.75
TRUE,317,5.5
TRUE,317,5
TRUE,317,2.5
TRUE,317,5.19615242270663
TRUE,317,3.75
TRUE,317,5.05181485540923
FALSE,318,0.346410161513776
TRUE,318,5.05181485540923
FALSE,318,3.31976404784035
FALSE,318,1.3856406460551
TRUE,318,5.19615242270663
TRUE,318,3.46410161513775
TRUE,318,2.52590742770461
TRUE,318,1.15470053837925
TRUE,318,5.05181485540923
FALSE,319,2.5
TRUE,319,3.5
TRUE,319,1.5
TRUE,319,5.5
TRUE,319,2.52590742770461
FALSE,319,3.31976404784035
FALSE,319,1.15470053837925
FALSE,319,0
TRUE,319,5.05181485540923
TRUE,320,3.75
FALSE,320,2.91666666666667
FALSE,320,0.416666666666667
FALSE,320,1.25
FALSE,322,2.42487113059643
TRUE,322,2.52590742770461
FALSE,322,1.3856406460551
TRUE,322,5.19615242270663
TRUE,322,3.46410161513775
FALSE,322,1.15470053837925
FALSE,322,0
TRUE,322,3.31976404784035
FALSE,322,5.19615242270663
TRUE,323,2.42487113059643
FALSE,323,1.3856406460551
FALSE,323,2.5
TRUE,323,5.19615242270663
TRUE,323,5.5
TRUE,323,3.46410161513775
FALSE,323,0.5
TRUE,323,5.19615242270663
FALSE,323,1.5
FALSE,324,1.15470053837925
TRUE,324,2.91666666666667
TRUE,324,2.91666666666667
TRUE,324,2.5
TRUE,324,3.31976404784035
TRUE,324,2.5
TRUE,324,5
FALSE,324,1.25
FALSE,324,0.5
FALSE,325,1.3856406460551
TRUE,325,3.75
TRUE,325,5
TRUE,325,5.19615242270663
FALSE,325,2.91666666666667
TRUE,325,2.42487113059643
TRUE,325,3.46410161513775
FALSE,325,0.416666666666667
FALSE,325,1.25
TRUE,326,2.91666666666667
FALSE,326,0.5
TRUE,326,2.5
TRUE,326,2.91666666666667
TRUE,326,5
FALSE,326,1.15470053837925
TRUE,326,3.31976404784035
FALSE,326,1.25
FALSE,326,2.5
FALSE,327,2.5
TRUE,327,3.31976404784035
TRUE,327,3.5
FALSE,327,1.5
FALSE,327,0
FALSE,327,1.15470053837925
TRUE,327,5.5
TRUE,327,2.52590742770461
TRUE,327,5.5
TRUE,328,2.42487113059643
FALSE,328,1.3856406460551
TRUE,328,3.5
TRUE,328,5.5
FALSE,328,0.5
TRUE,328,5.19615242270663
TRUE,328,5.19615242270663
FALSE,328,1.5
FALSE,328,2.5
FALSE,329,1.5
FALSE,329,2.91666666666667
FALSE,329,2.5
TRUE,329,5.5
TRUE,329,3.5
TRUE,329,3.75
FALSE,329,1.25
TRUE,329,5
FALSE,329,0.5
FALSE,330,1.25
FALSE,330,0.5
TRUE,330,5
TRUE,330,3.31976404784035
TRUE,330,2.91666666666667
FALSE,330,1.15470053837925
TRUE,330,2.5
TRUE,330,2.5
TRUE,330,2.5
FALSE,331,0
TRUE,331,2.52590742770461
TRUE,331,2.91666666666667
FALSE,331,3.46410161513775
FALSE,331,0
TRUE,331,5
FALSE,331,0.416666666666667
TRUE,331,5.5
TRUE,331,3.46410161513775
TRUE,331,5.5
FALSE,331,0.346410161513776
TRUE,331,1.5
TRUE,331,3.5
FALSE,331,0.5
TRUE,331,2.42487113059643
TRUE,331,0.5
TRUE,331,2.52590742770461
TRUE,331,3.5
FALSE,331,1.15470053837925
TRUE,331,3.46410161513775
FALSE,331,1.25
TRUE,331,5.5
FALSE,331,3.31976404784035
FALSE,331,0
FALSE,331,3.31976404784035
FALSE,331,0.5
FALSE,331,2.91666666666667
FALSE,331,2.91666666666667
TRUE,331,5.19615242270663
FALSE,331,0.416666666666667
FALSE,331,0.5
FALSE,331,3.46410161513775
TRUE,331,3.75
FALSE,331,0.416666666666667
TRUE,331,5.5
FALSE,331,3.31976404784035
FALSE,331,2.5
TRUE,331,5
FALSE,331,0
FALSE,331,0.416666666666667
TRUE,331,1.5
TRUE,331,3.5
FALSE,331,1.25
TRUE,331,5.19615242270663
TRUE,331,2.42487113059643
TRUE,331,3.75
FALSE,331,1.3856406460551
FALSE,331,0
FALSE,331,0.416666666666667
TRUE,331,5.05181485540923
TRUE,331,2.42487113059643
TRUE,331,3.75
TRUE,331,5.05181485540923
FALSE,331,1.15470053837925
TRUE,331,1.5
TRUE,331,3.75
FALSE,331,2.5
TRUE,331,2.42487113059643
FALSE,331,3.31976404784035
TRUE,331,3.75
TRUE,331,3.75
TRUE,331,0.5
FALSE,331,1.3856406460551
FALSE,331,2.91666666666667
TRUE,331,2.42487113059643
FALSE,331,0
TRUE,331,3.5
FALSE,331,2.91666666666667
FALSE,331,0.346410161513776
TRUE,331,3.75
TRUE,331,5.05181485540923
FALSE,331,2.5
FALSE,331,0.5
FALSE,331,0.5
TRUE,331,5.05181485540923
FALSE,331,3.31976404784035
FALSE,331,1.25
FALSE,331,0.416666666666667
TRUE,331,5.5
FALSE,331,2.91666666666667
FALSE,331,0
TRUE,331,5
FALSE,331,2.91666666666667
TRUE,331,5.19615242270663
TRUE,331,5
FALSE,331,3.5
TRUE,331,5.5
FALSE,331,1.25
TRUE,331,3.46410161513775
TRUE,331,1.5
FALSE,331,2.5
FALSE,331,1.3856406460551
FALSE,331,2.42487113059643
TRUE,331,5.19615242270663
FALSE,331,0.416666666666667
TRUE,331,3.75
TRUE,331,3.75
FALSE,331,1.3856406460551
FALSE,332,1.25
TRUE,332,2.5
TRUE,332,5.5
TRUE,332,2.91666666666667
TRUE,332,5
TRUE,332,0.5
TRUE,332,3.5
TRUE,332,3.75
FALSE,332,1.5
FALSE,333,1.3856406460551
FALSE,333,2.52590742770461
FALSE,333,2.42487113059643
TRUE,333,5.19615242270663
FALSE,333,0.346410161513776
TRUE,333,5.05181485540923
TRUE,333,3.46410161513775
TRUE,333,3.31976404784035
FALSE,333,1.15470053837925
FALSE,334,1.5
FALSE,334,5.19615242270663
FALSE,334,1.3856406460551
FALSE,334,3.5
FALSE,334,5.19615242270663
FALSE,334,2.42487113059643
FALSE,334,2.5
TRUE,334,3.46410161513775
FALSE,334,0.5
TRUE,336,2.42487113059643
FALSE,336,0.416666666666667
TRUE,336,5.19615242270663
FALSE,336,1.3856406460551
TRUE,336,3.46410161513775
FALSE,336,2.91666666666667
FALSE,336,1.25
TRUE,336,5
TRUE,336,5.19615242270663
TRUE,337,3.31976404784035
FALSE,337,1.15470053837925
TRUE,337,5.05181485540923
FALSE,337,2.91666666666667
TRUE,337,3.75
FALSE,337,1.25
FALSE,337,0
TRUE,337,5.5
TRUE,337,2.52590742770461
TRUE,337,5
TRUE,338,3.31976404784035
TRUE,338,5
TRUE,338,5.5
TRUE,338,3.5
FALSE,338,2.5
FALSE,338,1.5
TRUE,338,5.05181485540923
FALSE,338,0.5
FALSE,338,1.15470053837925
TRUE,338,5.05181485540923
FALSE,339,0.5
TRUE,339,2.91666666666667
FALSE,339,2.91666666666667
TRUE,339,3.31976404784035
TRUE,339,1.5
FALSE,339,2.52590742770461
TRUE,339,1.25
TRUE,339,2.91666666666667
TRUE,339,2.5
FALSE,339,1.15470053837925
TRUE,339,3.31976404784035
TRUE,339,2.5
FALSE,340,1.15470053837925
TRUE,340,2.42487113059643
TRUE,340,1.25
TRUE,340,2.5
FALSE,340,0.5
TRUE,340,3.31976404784035
TRUE,340,2.91666666666667
TRUE,340,2.5
TRUE,340,5
TRUE,340,2.91666666666667
FALSE,341,3.31976404784035
TRUE,341,2.52590742770461
FALSE,341,2.91666666666667
FALSE,341,1.25
TRUE,341,1.15470053837925
TRUE,341,5.05181485540923
TRUE,341,5
FALSE,341,0
TRUE,341,3.75
TRUE,342,3.5
FALSE,342,2.5
FALSE,342,1.25
TRUE,342,3.75
TRUE,342,2.91666666666667
TRUE,342,0.5
FALSE,342,1.5
TRUE,342,5.5
TRUE,342,5
TRUE,343,2.52590742770461
TRUE,343,5.19615242270663
FALSE,343,3.46410161513775
FALSE,343,1.15470053837925
TRUE,343,3.31976404784035
TRUE,343,2.42487113059643
FALSE,343,0
TRUE,343,5.19615242270663
FALSE,343,1.3856406460551
FALSE,345,5.19615242270663
FALSE,345,2.5
FALSE,345,0.5
TRUE,345,5.5
TRUE,345,1.5
FALSE,345,1.3856406460551
FALSE,345,5.19615242270663
FALSE,345,2.42487113059643
TRUE,345,3.5
FALSE,346,0.346410161513776
TRUE,346,5.19615242270663
TRUE,346,5.05181485540923
TRUE,346,1.15470053837925
TRUE,346,1.3856406460551
TRUE,346,2.52590742770461
FALSE,346,3.46410161513775
TRUE,346,5.05181485540923
FALSE,346,2.5
TRUE,346,3.31976404784035
TRUE,347,3.31976404784035
FALSE,347,0
TRUE,347,5.5
FALSE,347,2.5
TRUE,347,5.5
FALSE,347,1.5
FALSE,347,1.5
TRUE,347,2.52590742770461
FALSE,347,1.15470053837925
TRUE,347,3.5
TRUE,348,3.31976404784035
FALSE,348,1.25
FALSE,348,0.5
TRUE,348,2.5
TRUE,348,2.5
TRUE,348,5
TRUE,348,2.91666666666667
FALSE,348,1.15470053837925
TRUE,348,2.91666666666667
FALSE,348,1.3856406460551
FALSE,349,0.5
FALSE,349,0.416666666666667
TRUE,349,2.52590742770461
FALSE,349,1.3856406460551
FALSE,349,2.5
FALSE,349,1.5
FALSE,349,3.31976404784035
FALSE,349,5.19615242270663
FALSE,349,3.31976404784035
TRUE,349,5.5
FALSE,349,5.19615242270663
TRUE,349,5.5
TRUE,349,3.5
TRUE,350,2.52590742770461
FALSE,350,1.15470053837925
FALSE,350,2.5
TRUE,350,5.05181485540923
FALSE,350,2.5
FALSE,350,0.5
TRUE,350,3.31976404784035
TRUE,350,5.5
TRUE,350,3.5
TRUE,350,1.5
FALSE,351,1.3856406460551
TRUE,351,5.05181485540923
FALSE,351,1.15470053837925
TRUE,351,5.19615242270663
TRUE,351,2.52590742770461
TRUE,351,3.31976404784035
FALSE,351,2.42487113059643
FALSE,351,3.46410161513775
FALSE,351,0.346410161513776
FALSE,353,1.3856406460551
TRUE,353,2.42487113059643
FALSE,353,0.5
TRUE,353,2.5
TRUE,353,5.19615242270663
TRUE,353,3.5
TRUE,353,5.5
TRUE,353,1.5
TRUE,353,3.46410161513775
TRUE,354,3.31976404784035
FALSE,354,1.15470053837925
FALSE,354,1.25
FALSE,354,1.25
FALSE,354,2.52590742770461
TRUE,354,3.75
FALSE,354,2.91666666666667
TRUE,354,5.05181485540923
TRUE,354,5.05181485540923
FALSE,355,1.5
TRUE,355,3.5
TRUE,355,3.46410161513775
TRUE,355,5.5
TRUE,355,2.5
TRUE,355,5.19615242270663
TRUE,355,5.19615242270663
FALSE,355,1.3856406460551
TRUE,355,0.5
TRUE,356,2.42487113059643
TRUE,356,2.52590742770461
TRUE,356,5.05181485540923
TRUE,356,5.19615242270663
TRUE,356,5.05181485540923
TRUE,356,1.15470053837925
TRUE,356,3.31976404784035
FALSE,356,0.346410161513776
FALSE,356,1.3856406460551
FALSE,357,2.5
TRUE,357,3.5
FALSE,357,1.5
TRUE,357,3.31976404784035
FALSE,357,0.5
TRUE,357,5.05181485540923
FALSE,357,2.52590742770461
FALSE,357,1.15470053837925
TRUE,357,5.5
TRUE,358,2.91666666666667
TRUE,358,5.19615242270663
FALSE,358,1.3856406460551
FALSE,358,0.416666666666667
TRUE,358,5
FALSE,358,1.25
TRUE,358,5.19615242270663
TRUE,358,2.42487113059643
FALSE,358,3.46410161513775
FALSE,359,1.15470053837925
FALSE,359,1.25
TRUE,359,2.91666666666667
TRUE,359,2.5
TRUE,359,5
FALSE,359,0.5
TRUE,359,2.91666666666667
TRUE,359,2.5
FALSE,359,0.416666666666667
TRUE,359,3.31976404784035
TRUE,361,3.5
FALSE,361,1.5
TRUE,361,3.75
TRUE,361,2.5
FALSE,361,1.25
FALSE,361,2.91666666666667
TRUE,361,5.5
TRUE,361,5
FALSE,361,0.5
TRUE,362,2.42487113059643
FALSE,362,1.5
TRUE,362,5.19615242270663
FALSE,362,1.15470053837925
TRUE,362,3.31976404784035
TRUE,362,2.42487113059643
TRUE,362,2.42487113059643
FALSE,362,1.3856406460551
TRUE,362,3.75
TRUE,362,3.75
FALSE,362,2.52590742770461
TRUE,362,5.05181485540923
TRUE,362,3.46410161513775
TRUE,362,5.05181485540923
TRUE,362,5.05181485540923
FALSE,362,0.346410161513776
TRUE,362,5
FALSE,364,0
FALSE,364,2.5
TRUE,364,5.5
TRUE,364,3.31976404784035
FALSE,364,1.15470053837925
TRUE,364,5.5
TRUE,364,2.52590742770461
TRUE,364,1.5
TRUE,364,5.05181485540923
FALSE,365,2.42487113059643
FALSE,365,0.346410161513776
FALSE,365,1.3856406460551
TRUE,365,2.52590742770461
TRUE,365,1.15470053837925
FALSE,365,1.5
TRUE,365,5.05181485540923
TRUE,365,2.42487113059643
FALSE,365,1.3856406460551
TRUE,365,5.5
FALSE,365,3.31976404784035
TRUE,365,5.19615242270663
TRUE,365,5.05181485540923
FALSE,367,2.42487113059643
TRUE,367,2.52590742770461
FALSE,367,1.3856406460551
TRUE,367,5.19615242270663
TRUE,367,3.31976404784035
TRUE,367,5.05181485540923
FALSE,367,1.15470053837925
TRUE,367,5.19615242270663
FALSE,367,0
FALSE,368,0.416666666666667
TRUE,368,3.31976404784035
FALSE,368,1.5
TRUE,368,3.5
FALSE,368,3.31976404784035
TRUE,368,2.52590742770461
TRUE,368,5.05181485540923
FALSE,368,1.15470053837925
FALSE,368,0.5
FALSE,368,1.15470053837925
TRUE,368,5.5
FALSE,368,2.5
FALSE,369,2.91666666666667
TRUE,369,3.75
FALSE,369,0.416666666666667
TRUE,369,5
FALSE,369,1.25
TRUE,369,2.52590742770461
FALSE,369,3.31976404784035
TRUE,369,5.05181485540923
FALSE,369,1.15470053837925
TRUE,370,2.5
TRUE,370,2.91666666666667
FALSE,370,0.5
FALSE,370,1.25
FALSE,370,1.15470053837925
TRUE,370,2.5
TRUE,370,3.31976404784035
TRUE,370,5
TRUE,370,2.91666666666667
FALSE,371,1.15470053837925
TRUE,371,2.5
TRUE,371,5
FALSE,371,0.346410161513776
FALSE,371,0
TRUE,371,2.52590742770461
FALSE,371,3.46410161513775
TRUE,371,1.15470053837925
TRUE,371,5.5
TRUE,371,3.75
TRUE,371,5.5
FALSE,371,0.416666666666667
FALSE,371,0.346410161513776
TRUE,371,5.5
TRUE,371,5.5
TRUE,371,3.31976404784035
FALSE,371,0.5
TRUE,371,2.52590742770461
FALSE,371,1.15470053837925
TRUE,371,5
TRUE,371,5.05181485540923
FALSE,371,1.5
FALSE,371,2.5
TRUE,371,3.5
FALSE,371,1.5
TRUE,371,2.52590742770461
TRUE,371,3.5
TRUE,371,2.52590742770461
FALSE,371,0
FALSE,372,2.91666666666667
TRUE,372,5
FALSE,372,2.5
FALSE,372,1.25
FALSE,372,3.5
FALSE,372,1.5
FALSE,372,0.5
TRUE,372,5.5
TRUE,372,5
TRUE,373,3.5
TRUE,373,2.52590742770461
FALSE,373,2.5
TRUE,373,3.31976404784035
TRUE,373,5.05181485540923
TRUE,373,5.5
FALSE,373,1.15470053837925
FALSE,373,1.5
FALSE,373,0.5
FALSE,374,1.3856406460551
FALSE,374,1.5
TRUE,374,0.5
FALSE,374,2.5
TRUE,374,3.46410161513775
TRUE,374,5.19615242270663
TRUE,374,2.42487113059643
TRUE,374,5.5
TRUE,374,3.5
TRUE,375,3.46410161513775
TRUE,375,2.52590742770461
TRUE,375,5.5
FALSE,375,3.75
TRUE,375,2.52590742770461
FALSE,375,5.19615242270663
FALSE,375,1.15470053837925
FALSE,375,0.416666666666667
FALSE,375,0.416666666666667
FALSE,375,2.91666666666667
FALSE,375,0
FALSE,375,2.91666666666667
TRUE,375,2.52590742770461
TRUE,375,3.75
FALSE,375,5
FALSE,375,1.25
FALSE,375,1.15470053837925
FALSE,375,2.42487113059643
FALSE,375,2.91666666666667
TRUE,375,0.5
TRUE,375,5.19615242270663
FALSE,375,2.5
FALSE,375,1.3856406460551
FALSE,376,2.91666666666667
FALSE,376,1.5
TRUE,376,3.5
TRUE,376,0.5
TRUE,376,5.5
FALSE,376,2.5
TRUE,376,3.75
FALSE,376,1.25
TRUE,376,5
TRUE,378,2.91666666666667
FALSE,378,0.5
TRUE,378,5
TRUE,378,5
FALSE,378,1.25
TRUE,378,5.5
TRUE,378,2.5
FALSE,378,1.5
TRUE,378,3.75
TRUE,379,2.52590742770461
TRUE,379,5
TRUE,379,5.05181485540923
TRUE,379,3.75
FALSE,379,1.25
FALSE,379,1.15470053837925
FALSE,379,2.91666666666667
FALSE,379,0.416666666666667
FALSE,379,3.31976404784035
TRUE,380,2.52590742770461
FALSE,380,1.3856406460551
FALSE,380,0.346410161513776
TRUE,380,2.42487113059643
TRUE,380,3.31976404784035
TRUE,380,1.15470053837925
TRUE,380,5.05181485540923
TRUE,380,3.46410161513775
TRUE,380,5.19615242270663
FALSE,381,2.5
FALSE,381,1.15470053837925
FALSE,381,2.5
TRUE,381,3.31976404784035
FALSE,381,0.5
FALSE,381,1.25
TRUE,381,5
TRUE,381,2.91666666666667
TRUE,381,2.91666666666667
FALSE,382,5.19615242270663
FALSE,382,1.3856406460551
TRUE,382,2.42487113059643
TRUE,382,5.05181485540923
TRUE,382,2.52590742770461
FALSE,382,0.346410161513776
TRUE,382,1.15470053837925
FALSE,382,0.5
TRUE,382,5.05181485540923
FALSE,382,3.31976404784035
TRUE,382,5.05181485540923
FALSE,384,1.15470053837925
TRUE,384,5.05181485540923
TRUE,384,3.5
TRUE,384,5
TRUE,384,0.5
TRUE,384,5.05181485540923
TRUE,384,5.19615242270663
FALSE,384,1.25
TRUE,384,3.5
TRUE,384,1.15470053837925
FALSE,384,2.52590742770461
FALSE,384,1.5
TRUE,384,5
FALSE,384,1.25
FALSE,384,2.5
FALSE,384,0.5
FALSE,384,0
TRUE,384,5.5
FALSE,384,1.5
FALSE,384,0
FALSE,384,1.25
TRUE,384,5.5
TRUE,384,3.31976404784035
FALSE,384,0
FALSE,384,3.31976404784035
FALSE,384,2.52590742770461
TRUE,384,5.19615242270663
FALSE,384,2.5
FALSE,384,2.91666666666667
FALSE,384,2.5
FALSE,384,0.5
TRUE,384,5.05181485540923
FALSE,384,2.5
FALSE,384,1.5
TRUE,384,5.5
FALSE,384,3.5
TRUE,384,5.5
TRUE,385,1.5
FALSE,385,1.3856406460551
FALSE,385,1.15470053837925
FALSE,385,1.15470053837925
TRUE,385,5.19615242270663
FALSE,385,1.25
TRUE,385,2.52590742770461
FALSE,385,5.5
FALSE,385,0.416666666666667
TRUE,385,3.5
TRUE,385,3.46410161513775
TRUE,385,3.75
FALSE,385,0.5
TRUE,385,5.5
TRUE,385,5.05181485540923
FALSE,385,1.5
TRUE,385,3.46410161513775
TRUE,385,2.52590742770461
FALSE,385,1.25
FALSE,385,1.5
FALSE,385,0
TRUE,385,3.5
TRUE,385,3.46410161513775
FALSE,385,1.25
TRUE,385,3.5
FALSE,385,0.346410161513776
TRUE,385,3.5
FALSE,385,0.416666666666667
TRUE,385,3.75
FALSE,385,0.416666666666667
TRUE,385,1.5
FALSE,385,2.91666666666667
TRUE,385,5.19615242270663
FALSE,385,0.346410161513776
FALSE,385,1.15470053837925
FALSE,385,1.3856406460551
FALSE,385,0.416666666666667
FALSE,385,2.42487113059643
FALSE,385,2.5
TRUE,385,2.52590742770461
TRUE,385,3.75
FALSE,385,2.52590742770461
FALSE,385,2.91666666666667
FALSE,385,1.3856406460551
TRUE,385,3.5
FALSE,385,0.416666666666667
FALSE,385,5
FALSE,385,0.5
TRUE,385,3.5
TRUE,385,3.46410161513775
TRUE,386,1.5
TRUE,386,3.5
TRUE,386,3.31976404784035
FALSE,386,0.5
TRUE,386,2.52590742770461
TRUE,386,5.05181485540923
FALSE,386,1.15470053837925
TRUE,386,2.5
TRUE,386,5.5
TRUE,387,2.91666666666667
TRUE,387,2.5
FALSE,387,1.15470053837925
FALSE,387,0.5
TRUE,387,2.5
FALSE,387,1.25
TRUE,387,3.31976404784035
TRUE,387,2.91666666666667
TRUE,387,3.31976404784035
FALSE,388,1.5
FALSE,388,1.15470053837925
TRUE,388,3.31976404784035
TRUE,388,2.42487113059643
FALSE,388,1.3856406460551
FALSE,388,0.416666666666667
TRUE,388,0.5
TRUE,388,5.5
TRUE,388,2.91666666666667
TRUE,388,5.05181485540923
TRUE,388,3.31976404784035
FALSE,388,3.46410161513775
FALSE,388,3.31976404784035
TRUE,388,2.91666666666667
TRUE,388,5.5
TRUE,388,3.46410161513775
TRUE,388,5.5
FALSE,388,1.5
FALSE,388,2.5
FALSE,388,2.42487113059643
TRUE,388,3.5
TRUE,388,5.19615242270663
FALSE,388,3.46410161513775
FALSE,388,1.25
TRUE,388,3.75
TRUE,388,5
FALSE,388,2.5
TRUE,388,3.31976404784035
TRUE,388,5.5
FALSE,388,2.91666666666667
TRUE,388,5.05181485540923
FALSE,388,0
TRUE,388,2.91666666666667
FALSE,388,0.5
FALSE,388,0
TRUE,388,5.19615242270663
TRUE,388,5
FALSE,388,2.52590742770461
TRUE,388,2.5
TRUE,389,2.42487113059643
TRUE,389,1.3856406460551
FALSE,389,2.5
TRUE,389,5.19615242270663
FALSE,389,1.5
TRUE,389,5.5
FALSE,389,3.46410161513775
FALSE,389,0.5
TRUE,389,3.5
TRUE,389,2.52590742770461
TRUE,389,5.05181485540923
TRUE,389,1.5
TRUE,389,3.5
FALSE,389,2.5
TRUE,389,5.05181485540923
TRUE,389,3.31976404784035
TRUE,389,5.5
TRUE,389,0.5
FALSE,389,1.15470053837925
TRUE,390,3.31976404784035
TRUE,390,5.05181485540923
TRUE,390,5.19615242270663
FALSE,390,2.42487113059643
TRUE,390,5.05181485540923
TRUE,390,3.46410161513775
TRUE,390,1.15470053837925
FALSE,390,0.346410161513776
FALSE,390,1.3856406460551
